DID,DNAME,HID,HNAME,RID,RDATE,RDID,PID,PNAME,CASES
96,Dr. Dwight Rowe DDS,9,FamCare Center,191,2023-12-05,191,7,Asbestosis,14
64,Dr. Lucia Schamberger-Lueilwitz I,25,City Procare Health Center,127,2023-09-01,696,5,Arterial thrombosis,14
86,Dr. Ida Herzog,13,Island Intensive Hospital,171,2023-11-12,782,49,Osteosarcoma,14
97,Dr. Irving Shields,11,Community Choice Medicare,90,2023-07-01,333,9,Bipolar disorder,13
96,Dr. Dwight Rowe DDS,9,FamCare Center,191,2023-12-05,466,31,Hepatitis C,14
60,Dr. Ross Abernathy,20,Highland Grace Hospital,118,2023-08-12,368,47,Neuroblastoma,14
99,Dr. Priscilla Yost,9,FamCare Center,92,2023-07-01,92,31,Hepatitis C,13
58,Dr. Craig Rau,8,Community Care Medical,115,2023-08-04,115,49,Osteosarcoma,13
48,Dr. Lee Dicki,11,Community Choice Medicare,130,2023-09-06,515,20,Epilepsy,11
22,Dr. Willard Walter,22,Team Cure Medicare,43,2023-04-03,279,1,Aagenaes syndrome,15
80,Dr. Fannie McGlynn,3,Sacred Heart Medicare,120,2023-08-16,837,35,Huntington’s disease,14
87,Dr. Gail Miller,24,Life Medic Medical Center,173,2023-11-15,290,44,Lyme disease,15
35,Dr. Sally Botsford,22,Team Cure Medicare,69,2023-05-24,615,22,Flu,15
94,Dr. Rudy Lockman,24,Life Medic Medical Center,187,2023-11-27,495,47,Neuroblastoma,12
33,Dr. Julio Sanford,22,Team Cure Medicare,182,2023-11-21,182,2,Abdominal aortic aneurysm,12
95,Dr. Marcus Will-Powlowski Jr.,25,City Procare Health Center,100,2023-07-14,824,29,Hepatitis A,11
50,Dr. Kenneth Halvorson-Ward V,8,Community Care Medical,99,2023-07-11,220,47,Neuroblastoma,13
5,Dr. Marion Grant III,5,Wellness Core Medicare,18,2023-02-13,497,34,Hodgkin lymphoma,12
98,Dr. Pamela Rempel,19,BFF Care Medical,98,2023-07-08,965,38,Hypertension,12
96,Dr. Dwight Rowe DDS,9,FamCare Center,26,2023-03-02,26,26,Gastroenteritis,13
97,Dr. Irving Shields,11,Community Choice Medicare,193,2023-12-12,300,17,Diabetes,12
96,Dr. Dwight Rowe DDS,9,FamCare Center,26,2023-03-02,899,25,Functional neurological disorder,15
23,Dr. Marc Glover,23,Sacred Life Health Care,134,2023-09-11,891,8,Asthma,12
18,Dr. Lyle Gutkowski,18,Intel Medical Center,122,2023-08-21,473,5,Arterial thrombosis,14
94,Dr. Rudy Lockman,24,Life Medic Medical Center,187,2023-11-27,244,42,Laryngitis,15
84,Dr. Joann Satterfield,8,Community Care Medical,42,2023-03-30,821,35,Huntington’s disease,14
78,Dr. Randal Kessler,7,Winter Care Medical,4,2023-01-15,932,3,Alzheimer’s disease,11
25,Dr. Rosemarie Schamberger,25,City Procare Health Center,74,2023-06-06,423,6,Arthritis,14
1,Dr. Jose Ernser DDS,1,New Hope Central,16,2023-02-09,454,11,Bulimia,11
93,Dr. Danielle King,21,Community Medhelp Hospital,185,2023-11-26,765,47,Neuroblastoma,14
58,Dr. Craig Rau,8,Community Care Medical,76,2023-06-07,786,11,Bulimia,14
25,Dr. Rosemarie Schamberger,25,City Procare Health Center,74,2023-06-06,898,47,Neuroblastoma,13
35,Dr. Sally Botsford,22,Team Cure Medicare,62,2023-05-14,779,39,Hypoglycaemia,14
32,Dr. Willard Cremin-Kunde,11,Community Choice Medicare,176,2023-11-19,788,30,Hepatitis B,11
7,Dr. Miss Natasha Kulas,7,Winter Care Medical,80,2023-06-13,216,49,Osteosarcoma,12
32,Dr. Willard Cremin-Kunde,11,Community Choice Medicare,96,2023-07-08,567,31,Hepatitis C,11
20,Dr. Darrell Hintz,20,Highland Grace Hospital,39,2023-03-21,39,39,Hypoglycaemia,13
83,Dr. Cora Kunze,21,Community Medhelp Hospital,165,2023-10-31,508,40,Inflammatory bowel disease (IBD),11
4,Dr. Vicky Reichert,4,Care Embrace Medical,46,2023-04-12,571,6,Arthritis,13
73,Dr. Tina Hirthe,14,Medical Gateway Center,145,2023-09-30,145,33,HIV,15
94,Dr. Rudy Lockman,24,Life Medic Medical Center,184,2023-11-24,184,20,Epilepsy,13
20,Dr. Darrell Hintz,20,Highland Grace Hospital,110,2023-07-28,628,28,Gout,14
32,Dr. Willard Cremin-Kunde,11,Community Choice Medicare,63,2023-05-17,924,45,Malnutrition,13
33,Dr. Julio Sanford,22,Team Cure Medicare,182,2023-11-21,799,25,Functional neurological disorder,11
30,Dr. Megan Quitzon,23,Sacred Life Health Care,59,2023-05-06,668,1,Aagenaes syndrome,12
76,Dr. Jody Rolfson,4,Care Embrace Medical,151,2023-10-08,151,4,Appendicitis,14
44,Dr. Carol Oberbrunner,16,Lifeline Medexpert Center,87,2023-06-28,544,34,Hodgkin lymphoma,11
20,Dr. Darrell Hintz,20,Highland Grace Hospital,52,2023-04-20,52,23,Food allergy,13
42,Dr. Carolyn Bartell MD,22,Team Cure Medicare,82,2023-06-17,253,20,Epilepsy,13
84,Dr. Joann Satterfield,8,Community Care Medical,167,2023-11-05,209,42,Laryngitis,13
29,Dr. Darla Donnelly,22,Team Cure Medicare,57,2023-05-04,289,50,Pneumonia,12
53,Dr. Derrick Lubowitz,5,Wellness Core Medicare,105,2023-07-21,794,47,Neuroblastoma,11
51,Dr. Derrick Schroeder,6,Human's Care Hospital,101,2023-07-14,429,44,Lyme disease,15
79,Dr. Howard Hartmann V,1,New Hope Central,112,2023-07-31,609,50,Pneumonia,12
94,Dr. Rudy Lockman,24,Life Medic Medical Center,184,2023-11-24,883,28,Gout,14
62,Dr. Kurt Crooks,2,Healing Hope Hospital,123,2023-08-21,613,46,Munchausen’s syndrome,12
99,Dr. Priscilla Yost,9,FamCare Center,22,2023-02-21,739,50,Pneumonia,13
4,Dr. Vicky Reichert,4,Care Embrace Medical,46,2023-04-12,463,40,Inflammatory bowel disease (IBD),11
33,Dr. Julio Sanford,22,Team Cure Medicare,65,2023-05-19,744,37,Hyperhidrosis,14
82,Dr. Beatrice Hackett,8,Community Care Medical,163,2023-10-29,980,45,Malnutrition,12
61,Dr. Cindy Kunze III,3,Sacred Heart Medicare,121,2023-08-17,336,12,Chickenpox,11
3,Dr. Seth Dicki,3,Sacred Heart Medicare,5,2023-01-15,408,24,Food poisoning,15
50,Dr. Kenneth Halvorson-Ward V,8,Community Care Medical,142,2023-09-30,740,50,Pneumonia,13
72,Dr. Glenda Goodwin,22,Team Cure Medicare,160,2023-10-21,160,2,Abdominal aortic aneurysm,13
85,Dr. Stacey Koepp,5,Wellness Core Medicare,194,2023-12-12,194,44,Lyme disease,15
88,Dr. Kelli Hills,13,Island Intensive Hospital,175,2023-11-17,902,50,Pneumonia,15
61,Dr. Cindy Kunze III,3,Sacred Heart Medicare,56,2023-05-04,959,31,Hepatitis C,13
68,Dr. Ruben Mertz,16,Lifeline Medexpert Center,135,2023-09-14,135,19,Endometriosis,11
62,Dr. Kurt Crooks,2,Healing Hope Hospital,60,2023-05-09,773,14,Chronic fatigue syndrome,12
31,Dr. Guillermo Schuster DVM,25,City Procare Health Center,30,2023-03-11,777,1,Aagenaes syndrome,13
27,Dr. Carrie Grant V,16,Lifeline Medexpert Center,40,2023-03-25,40,40,Inflammatory bowel disease (IBD),12
61,Dr. Cindy Kunze III,3,Sacred Heart Medicare,121,2023-08-17,940,50,Pneumonia,13
54,Dr. Wallace Dicki,23,Sacred Life Health Care,107,2023-07-24,107,20,Epilepsy,15
96,Dr. Dwight Rowe DDS,9,FamCare Center,26,2023-03-02,509,12,Chickenpox,11
63,Dr. Gilbert Lang,19,BFF Care Medical,198,2023-12-19,638,26,Gastroenteritis,12
82,Dr. Beatrice Hackett,8,Community Care Medical,163,2023-10-29,163,28,Gout,14
18,Dr. Lyle Gutkowski,18,Intel Medical Center,122,2023-08-21,860,33,HIV,14
37,Dr. Laurie Bode,4,Care Embrace Medical,73,2023-06-03,73,32,Hiatus hernia,12
61,Dr. Cindy Kunze III,3,Sacred Heart Medicare,56,2023-05-04,692,27,Gonorrhoea,12
78,Dr. Randal Kessler,7,Winter Care Medical,2,2023-01-10,748,21,Fibromyalgia,12
82,Dr. Beatrice Hackett,8,Community Care Medical,156,2023-10-14,532,46,Munchausen’s syndrome,13
67,Dr. Yolanda Larkin,2,Healing Hope Hospital,133,2023-09-11,867,2,Abdominal aortic aneurysm,15
46,Dr. Willie Koss I,22,Team Cure Medicare,200,2023-12-25,726,39,Hypoglycaemia,13
89,Dr. Sarah Reichel,17,Top Health Medical,177,2023-11-19,406,13,Chlamydia,15
8,Dr. Katie Olson,8,Community Care Medical,15,2023-02-06,471,1,Aagenaes syndrome,13
67,Dr. Yolanda Larkin,2,Healing Hope Hospital,133,2023-09-11,525,8,Asthma,14
76,Dr. Jody Rolfson,4,Care Embrace Medical,44,2023-04-07,44,44,Lyme disease,13
1,Dr. Jose Ernser DDS,1,New Hope Central,16,2023-02-09,282,14,Chronic fatigue syndrome,11
97,Dr. Irving Shields,11,Community Choice Medicare,193,2023-12-12,704,18,Dysphagia,13
31,Dr. Guillermo Schuster DVM,25,City Procare Health Center,61,2023-05-11,61,41,Iron deficiency anaemia,14
90,Dr. Alexandra Gerhold,16,Lifeline Medexpert Center,179,2023-11-20,287,34,Hodgkin lymphoma,13
12,Dr. Roberta Hermiston,12,Care Expert Health Center,23,2023-02-24,520,35,Huntington’s disease,14
58,Dr. Craig Rau,8,Community Care Medical,115,2023-08-04,905,15,Cirrhosis,11
89,Dr. Sarah Reichel,17,Top Health Medical,177,2023-11-19,510,39,Hypoglycaemia,12
78,Dr. Randal Kessler,7,Winter Care Medical,155,2023-10-14,367,12,Chickenpox,15
53,Dr. Derrick Lubowitz,5,Wellness Core Medicare,105,2023-07-21,284,12,Chickenpox,12
32,Dr. Willard Cremin-Kunde,11,Community Choice Medicare,63,2023-05-17,464,3,Alzheimer’s disease,12
20,Dr. Darrell Hintz,20,Highland Grace Hospital,146,2023-10-02,232,39,Hypoglycaemia,15
90,Dr. Alexandra Gerhold,16,Lifeline Medexpert Center,179,2023-11-20,651,15,Cirrhosis,11
99,Dr. Priscilla Yost,9,FamCare Center,22,2023-02-21,561,20,Epilepsy,11
64,Dr. Lucia Schamberger-Lueilwitz I,25,City Procare Health Center,127,2023-09-01,223,19,Endometriosis,11
39,Dr. Chris Schuppe,7,Winter Care Medical,144,2023-09-30,405,46,Munchausen’s syndrome,14
11,Dr. Pam Fay,11,Community Choice Medicare,21,2023-02-20,589,43,Lupus,13
37,Dr. Laurie Bode,4,Care Embrace Medical,73,2023-06-03,823,31,Hepatitis C,12
95,Dr. Marcus Will-Powlowski Jr.,25,City Procare Health Center,164,2023-10-29,887,9,Bipolar disorder,11
99,Dr. Priscilla Yost,9,FamCare Center,197,2023-12-19,197,27,Gonorrhoea,12
51,Dr. Derrick Schroeder,6,Human's Care Hospital,101,2023-07-14,437,18,Dysphagia,14
26,Dr. Lillian Ullrich,25,City Procare Health Center,116,2023-08-04,116,13,Chlamydia,12
59,Dr. Samantha Kuhic III,7,Winter Care Medical,117,2023-08-08,929,27,Gonorrhoea,11
59,Dr. Samantha Kuhic III,7,Winter Care Medical,117,2023-08-08,594,7,Asbestosis,11
9,Dr. Norman Crooks,9,FamCare Center,17,2023-02-11,17,17,Diabetes,11
5,Dr. Marion Grant III,5,Wellness Core Medicare,18,2023-02-13,201,35,Huntington’s disease,12
5,Dr. Marion Grant III,5,Wellness Core Medicare,8,2023-01-20,963,14,Chronic fatigue syndrome,11
20,Dr. Darrell Hintz,20,Highland Grace Hospital,114,2023-08-02,114,23,Food allergy,14
43,Dr. Cynthia Runolfsson PhD,24,Life Medic Medical Center,85,2023-06-25,805,23,Food allergy,11
17,Dr. Elijah Pollich,17,Top Health Medical,33,2023-03-13,654,35,Huntington’s disease,13
54,Dr. Wallace Dicki,23,Sacred Life Health Care,107,2023-07-24,560,37,Hyperhidrosis,14
98,Dr. Pamela Rempel,19,BFF Care Medical,58,2023-05-05,507,9,Bipolar disorder,13
86,Dr. Ida Herzog,13,Island Intensive Hospital,171,2023-11-12,550,44,Lyme disease,13
27,Dr. Carrie Grant V,16,Lifeline Medexpert Center,53,2023-04-24,374,49,Osteosarcoma,14
18,Dr. Lyle Gutkowski,18,Intel Medical Center,35,2023-03-17,675,40,Inflammatory bowel disease (IBD),11
65,Dr. Josephine Medhurst,1,New Hope Central,180,2023-11-20,967,41,Iron deficiency anaemia,13
51,Dr. Derrick Schroeder,6,Human's Care Hospital,101,2023-07-14,416,35,Huntington’s disease,11
9,Dr. Norman Crooks,9,FamCare Center,17,2023-02-11,324,30,Hepatitis B,11
95,Dr. Marcus Will-Powlowski Jr.,25,City Procare Health Center,189,2023-11-29,446,50,Pneumonia,15
39,Dr. Chris Schuppe,7,Winter Care Medical,132,2023-09-10,424,29,Hepatitis A,13
58,Dr. Craig Rau,8,Community Care Medical,115,2023-08-04,937,1,Aagenaes syndrome,12
58,Dr. Craig Rau,8,Community Care Medical,115,2023-08-04,656,9,Bipolar disorder,11
47,Dr. Laurence Armstrong,19,BFF Care Medical,54,2023-04-28,599,29,Hepatitis A,15
79,Dr. Howard Hartmann V,1,New Hope Central,157,2023-10-16,966,25,Functional neurological disorder,14
6,Dr. Warren Murphy,6,Human's Care Hospital,11,2023-01-28,11,11,Bulimia,14
64,Dr. Lucia Schamberger-Lueilwitz I,25,City Procare Health Center,136,2023-09-15,475,19,Endometriosis,12
89,Dr. Sarah Reichel,17,Top Health Medical,10,2023-01-26,492,30,Hepatitis B,13
88,Dr. Kelli Hills,13,Island Intensive Hospital,175,2023-11-17,766,43,Lupus,13
25,Dr. Rosemarie Schamberger,25,City Procare Health Center,49,2023-04-17,541,24,Food poisoning,13
59,Dr. Samantha Kuhic III,7,Winter Care Medical,158,2023-10-16,158,25,Functional neurological disorder,13
97,Dr. Irving Shields,11,Community Choice Medicare,193,2023-12-12,193,32,Hiatus hernia,12
3,Dr. Seth Dicki,3,Sacred Heart Medicare,5,2023-01-15,5,5,Arterial thrombosis,15
80,Dr. Fannie McGlynn,3,Sacred Heart Medicare,120,2023-08-16,457,18,Dysphagia,14
31,Dr. Guillermo Schuster DVM,25,City Procare Health Center,30,2023-03-11,30,30,Hepatitis B,11
5,Dr. Marion Grant III,5,Wellness Core Medicare,8,2023-01-20,383,36,Hyperglycaemia,12
51,Dr. Derrick Schroeder,6,Human's Care Hospital,101,2023-07-14,614,1,Aagenaes syndrome,15
89,Dr. Sarah Reichel,17,Top Health Medical,177,2023-11-19,177,50,Pneumonia,13
65,Dr. Josephine Medhurst,1,New Hope Central,180,2023-11-20,340,2,Abdominal aortic aneurysm,13
38,Dr. Eric Johns,14,Medical Gateway Center,75,2023-06-06,329,29,Hepatitis A,11
96,Dr. Dwight Rowe DDS,9,FamCare Center,26,2023-03-02,830,31,Hepatitis C,15
30,Dr. Megan Quitzon,23,Sacred Life Health Care,59,2023-05-06,981,42,Laryngitis,12
39,Dr. Chris Schuppe,7,Winter Care Medical,77,2023-06-10,77,49,Osteosarcoma,11
55,Dr. Ernest Senger III,10,VitaCare Medical,168,2023-11-07,577,16,Coronary heart disease,13
46,Dr. Willie Koss I,22,Team Cure Medicare,200,2023-12-25,605,3,Alzheimer’s disease,12
63,Dr. Gilbert Lang,19,BFF Care Medical,125,2023-08-27,720,26,Gastroenteritis,13
94,Dr. Rudy Lockman,24,Life Medic Medical Center,184,2023-11-24,895,40,Inflammatory bowel disease (IBD),12
6,Dr. Warren Murphy,6,Human's Care Hospital,152,2023-10-08,699,11,Bulimia,11
47,Dr. Laurence Armstrong,19,BFF Care Medical,93,2023-07-04,783,31,Hepatitis C,11
52,Dr. Hattie Kassulke,20,Highland Grace Hospital,103,2023-07-18,763,21,Fibromyalgia,13
8,Dr. Katie Olson,8,Community Care Medical,15,2023-02-06,15,15,Cirrhosis,14
78,Dr. Randal Kessler,7,Winter Care Medical,2,2023-01-10,935,15,Cirrhosis,13
78,Dr. Randal Kessler,7,Winter Care Medical,78,2023-06-12,917,49,Osteosarcoma,11
71,Dr. Gladys Towne,12,Care Expert Health Center,141,2023-09-30,141,9,Bipolar disorder,11
26,Dr. Lillian Ullrich,25,City Procare Health Center,50,2023-04-17,749,35,Huntington’s disease,11
63,Dr. Gilbert Lang,19,BFF Care Medical,68,2023-05-24,237,38,Hypertension,15
18,Dr. Lyle Gutkowski,18,Intel Medical Center,35,2023-03-17,746,16,Coronary heart disease,11
58,Dr. Craig Rau,8,Community Care Medical,36,2023-03-18,804,28,Gout,11
96,Dr. Dwight Rowe DDS,9,FamCare Center,26,2023-03-02,397,29,Hepatitis A,11
78,Dr. Randal Kessler,7,Winter Care Medical,78,2023-06-12,869,7,Asbestosis,15
7,Dr. Miss Natasha Kulas,7,Winter Care Medical,104,2023-07-18,990,32,Hiatus hernia,13
62,Dr. Kurt Crooks,2,Healing Hope Hospital,123,2023-08-21,123,40,Inflammatory bowel disease (IBD),13
96,Dr. Dwight Rowe DDS,9,FamCare Center,191,2023-12-05,581,21,Fibromyalgia,13
5,Dr. Marion Grant III,5,Wellness Core Medicare,9,2023-01-23,9,9,Bipolar disorder,13
51,Dr. Derrick Schroeder,6,Human's Care Hospital,38,2023-03-21,226,10,Bronchitis,14
10,Dr. Martha Legros,10,VitaCare Medical,19,2023-02-14,708,38,Hypertension,12
36,Dr. Joann Dach,1,New Hope Central,71,2023-05-28,859,20,Epilepsy,13
1,Dr. Jose Ernser DDS,1,New Hope Central,16,2023-02-09,16,16,Coronary heart disease,11
48,Dr. Lee Dicki,11,Community Choice Medicare,130,2023-09-06,871,45,Malnutrition,15
99,Dr. Priscilla Yost,9,FamCare Center,92,2023-07-01,814,24,Food poisoning,14
47,Dr. Laurence Armstrong,19,BFF Care Medical,54,2023-04-28,54,27,Gonorrhoea,14
5,Dr. Marion Grant III,5,Wellness Core Medicare,20,2023-02-17,459,19,Endometriosis,12
66,Dr. Bruce Collins,21,Community Medhelp Hospital,131,2023-09-10,864,11,Bulimia,14
97,Dr. Irving Shields,11,Community Choice Medicare,193,2023-12-12,801,10,Bronchitis,13
14,Dr. Marianne Gibson,14,Medical Gateway Center,186,2023-11-26,186,15,Cirrhosis,12
56,Dr. Kyle Harris,4,Care Embrace Medical,111,2023-07-30,728,46,Munchausen’s syndrome,12
77,Dr. Ronnie Boehm-Langworth,9,FamCare Center,94,2023-07-06,399,12,Chickenpox,14
98,Dr. Pamela Rempel,19,BFF Care Medical,98,2023-07-08,677,35,Huntington’s disease,11
77,Dr. Ronnie Boehm-Langworth,9,FamCare Center,94,2023-07-06,94,49,Osteosarcoma,11
73,Dr. Tina Hirthe,14,Medical Gateway Center,145,2023-09-30,816,46,Munchausen’s syndrome,15
17,Dr. Elijah Pollich,17,Top Health Medical,106,2023-07-22,106,1,Aagenaes syndrome,15
5,Dr. Marion Grant III,5,Wellness Core Medicare,128,2023-09-02,128,49,Osteosarcoma,13
83,Dr. Cora Kunze,21,Community Medhelp Hospital,165,2023-10-31,165,46,Munchausen’s syndrome,13
84,Dr. Joann Satterfield,8,Community Care Medical,42,2023-03-30,603,8,Asthma,14
5,Dr. Marion Grant III,5,Wellness Core Medicare,8,2023-01-20,756,19,Endometriosis,11
51,Dr. Derrick Schroeder,6,Human's Care Hospital,101,2023-07-14,317,9,Bipolar disorder,14
96,Dr. Dwight Rowe DDS,9,FamCare Center,191,2023-12-05,441,47,Neuroblastoma,12
17,Dr. Elijah Pollich,17,Top Health Medical,106,2023-07-22,661,13,Chlamydia,13
71,Dr. Gladys Towne,12,Care Expert Health Center,141,2023-09-30,784,4,Appendicitis,12
98,Dr. Pamela Rempel,19,BFF Care Medical,98,2023-07-08,915,40,Inflammatory bowel disease (IBD),13
55,Dr. Ernest Senger III,10,VitaCare Medical,168,2023-11-07,323,50,Pneumonia,13
86,Dr. Ida Herzog,13,Island Intensive Hospital,171,2023-11-12,643,36,Hyperglycaemia,15
40,Dr. Kelley Predovic IV,19,BFF Care Medical,79,2023-06-12,664,40,Inflammatory bowel disease (IBD),14
52,Dr. Hattie Kassulke,20,Highland Grace Hospital,64,2023-05-19,64,46,Munchausen’s syndrome,15
29,Dr. Darla Donnelly,22,Team Cure Medicare,57,2023-05-04,57,44,Lyme disease,15
99,Dr. Priscilla Yost,9,FamCare Center,22,2023-02-21,641,16,Coronary heart disease,13
87,Dr. Gail Miller,24,Life Medic Medical Center,173,2023-11-15,228,27,Gonorrhoea,12
52,Dr. Hattie Kassulke,20,Highland Grace Hospital,64,2023-05-19,414,47,Neuroblastoma,11
49,Dr. Hugh Mertz,11,Community Choice Medicare,97,2023-07-08,829,21,Fibromyalgia,13
65,Dr. Josephine Medhurst,1,New Hope Central,129,2023-09-05,979,49,Osteosarcoma,14
21,Dr. Cameron Ritchie,21,Community Medhelp Hospital,41,2023-03-26,41,41,Iron deficiency anaemia,11
20,Dr. Darrell Hintz,20,Highland Grace Hospital,114,2023-08-02,370,15,Cirrhosis,15
26,Dr. Lillian Ullrich,25,City Procare Health Center,50,2023-04-17,874,13,Chlamydia,11
64,Dr. Lucia Schamberger-Lueilwitz I,25,City Procare Health Center,127,2023-09-01,390,40,Inflammatory bowel disease (IBD),15
5,Dr. Marion Grant III,5,Wellness Core Medicare,18,2023-02-13,857,42,Laryngitis,13
2,Dr. Victor Durgan,2,Healing Hope Hospital,3,2023-01-12,985,8,Asthma,14
78,Dr. Randal Kessler,7,Winter Care Medical,6,2023-01-19,629,22,Flu,13
33,Dr. Julio Sanford,22,Team Cure Medicare,65,2023-05-19,569,50,Pneumonia,13
75,Dr. Charlie Nader,14,Medical Gateway Center,149,2023-10-08,995,38,Hypertension,13
5,Dr. Marion Grant III,5,Wellness Core Medicare,9,2023-01-23,271,21,Fibromyalgia,14
20,Dr. Darrell Hintz,20,Highland Grace Hospital,110,2023-07-28,268,32,Hiatus hernia,13
29,Dr. Darla Donnelly,22,Team Cure Medicare,57,2023-05-04,663,1,Aagenaes syndrome,12
97,Dr. Irving Shields,11,Community Choice Medicare,193,2023-12-12,964,29,Hepatitis A,13
5,Dr. Marion Grant III,5,Wellness Core Medicare,8,2023-01-20,775,43,Lupus,13
86,Dr. Ida Herzog,13,Island Intensive Hospital,171,2023-11-12,542,5,Arterial thrombosis,14
60,Dr. Ross Abernathy,20,Highland Grace Hospital,118,2023-08-12,796,32,Hiatus hernia,11
34,Dr. Misty Wisoky,12,Care Expert Health Center,67,2023-05-22,67,43,Lupus,12
22,Dr. Willard Walter,22,Team Cure Medicare,43,2023-04-03,776,36,Hyperglycaemia,12
95,Dr. Marcus Will-Powlowski Jr.,25,City Procare Health Center,100,2023-07-14,278,16,Coronary heart disease,15
96,Dr. Dwight Rowe DDS,9,FamCare Center,192,2023-12-09,334,35,Huntington’s disease,13
95,Dr. Marcus Will-Powlowski Jr.,25,City Procare Health Center,189,2023-11-29,688,21,Fibromyalgia,11
13,Dr. Sarah Renner Jr.,13,Island Intensive Hospital,12,2023-01-29,12,12,Chickenpox,15
83,Dr. Cora Kunze,21,Community Medhelp Hospital,165,2023-10-31,620,23,Food allergy,15
38,Dr. Eric Johns,14,Medical Gateway Center,75,2023-06-06,306,5,Arterial thrombosis,15
60,Dr. Ross Abernathy,20,Highland Grace Hospital,119,2023-08-14,514,9,Bipolar disorder,12
14,Dr. Marianne Gibson,14,Medical Gateway Center,186,2023-11-26,442,9,Bipolar disorder,13
5,Dr. Marion Grant III,5,Wellness Core Medicare,20,2023-02-17,931,5,Arterial thrombosis,15
85,Dr. Stacey Koepp,5,Wellness Core Medicare,194,2023-12-12,657,38,Hypertension,14
98,Dr. Pamela Rempel,19,BFF Care Medical,28,2023-03-07,28,28,Gout,13
72,Dr. Glenda Goodwin,22,Team Cure Medicare,126,2023-08-30,126,34,Hodgkin lymphoma,15
97,Dr. Irving Shields,11,Community Choice Medicare,72,2023-05-30,338,22,Flu,11
95,Dr. Marcus Will-Powlowski Jr.,25,City Procare Health Center,100,2023-07-14,658,2,Abdominal aortic aneurysm,14
8,Dr. Katie Olson,8,Community Care Medical,15,2023-02-06,850,26,Gastroenteritis,14
66,Dr. Bruce Collins,21,Community Medhelp Hospital,131,2023-09-10,131,39,Hypoglycaemia,11
59,Dr. Samantha Kuhic III,7,Winter Care Medical,117,2023-08-08,734,8,Asthma,13
34,Dr. Misty Wisoky,12,Care Expert Health Center,190,2023-12-02,190,31,Hepatitis C,14
95,Dr. Marcus Will-Powlowski Jr.,25,City Procare Health Center,100,2023-07-14,888,5,Arterial thrombosis,14
5,Dr. Marion Grant III,5,Wellness Core Medicare,9,2023-01-23,565,40,Inflammatory bowel disease (IBD),14
78,Dr. Randal Kessler,7,Winter Care Medical,108,2023-07-25,108,38,Hypertension,15
96,Dr. Dwight Rowe DDS,9,FamCare Center,191,2023-12-05,941,19,Endometriosis,15
29,Dr. Darla Donnelly,22,Team Cure Medicare,57,2023-05-04,822,23,Food allergy,12
89,Dr. Sarah Reichel,17,Top Health Medical,177,2023-11-19,205,1,Aagenaes syndrome,15
98,Dr. Pamela Rempel,19,BFF Care Medical,28,2023-03-07,861,24,Food poisoning,11
97,Dr. Irving Shields,11,Community Choice Medicare,193,2023-12-12,994,14,Chronic fatigue syndrome,13
86,Dr. Ida Herzog,13,Island Intensive Hospital,171,2023-11-12,171,47,Neuroblastoma,13
51,Dr. Derrick Schroeder,6,Human's Care Hospital,38,2023-03-21,925,12,Chickenpox,12
3,Dr. Seth Dicki,3,Sacred Heart Medicare,174,2023-11-16,873,33,HIV,14
26,Dr. Lillian Ullrich,25,City Procare Health Center,51,2023-04-18,900,4,Appendicitis,14
57,Dr. Clyde Hayes,18,Intel Medical Center,88,2023-06-30,831,48,Osteoporosis,15
20,Dr. Darrell Hintz,20,Highland Grace Hospital,39,2023-03-21,687,3,Alzheimer’s disease,13
35,Dr. Sally Botsford,22,Team Cure Medicare,34,2023-03-14,251,12,Chickenpox,13
84,Dr. Joann Satterfield,8,Community Care Medical,42,2023-03-30,277,20,Epilepsy,12
18,Dr. Lyle Gutkowski,18,Intel Medical Center,35,2023-03-17,376,37,Hyperhidrosis,12
63,Dr. Gilbert Lang,19,BFF Care Medical,198,2023-12-19,421,22,Flu,12
1,Dr. Jose Ernser DDS,1,New Hope Central,16,2023-02-09,418,40,Inflammatory bowel disease (IBD),11
35,Dr. Sally Botsford,22,Team Cure Medicare,34,2023-03-14,927,33,HIV,11
69,Dr. Jeannette Heathcote,11,Community Choice Medicare,137,2023-09-19,411,11,Bulimia,12
74,Dr. Amelia Wilderman,15,Medical 101 Center,147,2023-10-03,147,6,Arthritis,11
59,Dr. Samantha Kuhic III,7,Winter Care Medical,117,2023-08-08,314,15,Cirrhosis,14
65,Dr. Josephine Medhurst,1,New Hope Central,180,2023-11-20,885,14,Chronic fatigue syndrome,14
18,Dr. Lyle Gutkowski,18,Intel Medical Center,122,2023-08-21,948,37,Hyperhidrosis,13
41,Dr. Byron Ebert,3,Sacred Heart Medicare,81,2023-06-15,916,49,Osteosarcoma,14
78,Dr. Randal Kessler,7,Winter Care Medical,6,2023-01-19,292,46,Munchausen’s syndrome,14
89,Dr. Sarah Reichel,17,Top Health Medical,177,2023-11-19,669,43,Lupus,15
32,Dr. Willard Cremin-Kunde,11,Community Choice Medicare,176,2023-11-19,176,15,Cirrhosis,14
7,Dr. Miss Natasha Kulas,7,Winter Care Medical,13,2023-02-02,13,13,Chlamydia,11
64,Dr. Lucia Schamberger-Lueilwitz I,25,City Procare Health Center,127,2023-09-01,127,2,Abdominal aortic aneurysm,11
88,Dr. Kelli Hills,13,Island Intensive Hospital,175,2023-11-17,175,13,Chlamydia,13
35,Dr. Sally Botsford,22,Team Cure Medicare,62,2023-05-14,743,41,Iron deficiency anaemia,12
55,Dr. Ernest Senger III,10,VitaCare Medical,168,2023-11-07,168,29,Hepatitis A,15
47,Dr. Laurence Armstrong,19,BFF Care Medical,70,2023-05-24,986,41,Iron deficiency anaemia,13
48,Dr. Lee Dicki,11,Community Choice Medicare,130,2023-09-06,858,17,Diabetes,14
66,Dr. Bruce Collins,21,Community Medhelp Hospital,131,2023-09-10,596,5,Arterial thrombosis,14
91,Dr. Gayle Hammes,8,Community Care Medical,181,2023-11-20,666,39,Hypoglycaemia,13
60,Dr. Ross Abernathy,20,Highland Grace Hospital,118,2023-08-12,118,4,Appendicitis,13
47,Dr. Laurence Armstrong,19,BFF Care Medical,93,2023-07-04,93,50,Pneumonia,11
4,Dr. Vicky Reichert,4,Care Embrace Medical,46,2023-04-12,296,44,Lyme disease,12
76,Dr. Jody Rolfson,4,Care Embrace Medical,151,2023-10-08,293,21,Fibromyalgia,15
39,Dr. Chris Schuppe,7,Winter Care Medical,77,2023-06-10,453,22,Flu,13
5,Dr. Marion Grant III,5,Wellness Core Medicare,128,2023-09-02,640,3,Alzheimer’s disease,12
99,Dr. Priscilla Yost,9,FamCare Center,197,2023-12-19,853,28,Gout,15
58,Dr. Craig Rau,8,Community Care Medical,36,2023-03-18,36,36,Hyperglycaemia,13
93,Dr. Danielle King,21,Community Medhelp Hospital,185,2023-11-26,511,6,Arthritis,12
23,Dr. Marc Glover,23,Sacred Life Health Care,134,2023-09-11,747,12,Chickenpox,11
84,Dr. Joann Satterfield,8,Community Care Medical,167,2023-11-05,501,37,Hyperhidrosis,13
83,Dr. Cora Kunze,21,Community Medhelp Hospital,165,2023-10-31,810,4,Appendicitis,15
35,Dr. Sally Botsford,22,Team Cure Medicare,62,2023-05-14,344,34,Hodgkin lymphoma,14
85,Dr. Stacey Koepp,5,Wellness Core Medicare,194,2023-12-12,533,16,Coronary heart disease,14
5,Dr. Marion Grant III,5,Wellness Core Medicare,8,2023-01-20,8,8,Asthma,11
90,Dr. Alexandra Gerhold,16,Lifeline Medexpert Center,179,2023-11-20,839,36,Hyperglycaemia,12
61,Dr. Cindy Kunze III,3,Sacred Heart Medicare,56,2023-05-04,56,32,Hiatus hernia,14
14,Dr. Marianne Gibson,14,Medical Gateway Center,27,2023-03-06,322,40,Inflammatory bowel disease (IBD),12
77,Dr. Ronnie Boehm-Langworth,9,FamCare Center,84,2023-06-22,949,6,Arthritis,14
76,Dr. Jody Rolfson,4,Care Embrace Medical,151,2023-10-08,673,33,HIV,13
20,Dr. Darrell Hintz,20,Highland Grace Hospital,114,2023-08-02,238,46,Munchausen’s syndrome,15
61,Dr. Cindy Kunze III,3,Sacred Heart Medicare,121,2023-08-17,460,30,Hepatitis B,13
83,Dr. Cora Kunze,21,Community Medhelp Hospital,165,2023-10-31,619,29,Hepatitis A,13
41,Dr. Byron Ebert,3,Sacred Heart Medicare,81,2023-06-15,753,3,Alzheimer’s disease,12
19,Dr. Joseph Douglas,19,BFF Care Medical,37,2023-03-18,37,37,Hyperhidrosis,15
33,Dr. Julio Sanford,22,Team Cure Medicare,182,2023-11-21,385,16,Coronary heart disease,14
19,Dr. Joseph Douglas,19,BFF Care Medical,178,2023-11-20,375,1,Aagenaes syndrome,15
10,Dr. Martha Legros,10,VitaCare Medical,19,2023-02-14,691,16,Coronary heart disease,12
39,Dr. Chris Schuppe,7,Winter Care Medical,132,2023-09-10,757,34,Hodgkin lymphoma,15
7,Dr. Miss Natasha Kulas,7,Winter Care Medical,80,2023-06-13,80,41,Iron deficiency anaemia,12
32,Dr. Willard Cremin-Kunde,11,Community Choice Medicare,170,2023-11-09,170,4,Appendicitis,13
6,Dr. Warren Murphy,6,Human's Care Hospital,152,2023-10-08,601,48,Osteoporosis,12
15,Dr. Conrad Treutel,15,Medical 101 Center,29,2023-03-10,978,24,Food poisoning,14
78,Dr. Randal Kessler,7,Winter Care Medical,2,2023-01-10,872,41,Iron deficiency anaemia,13
39,Dr. Chris Schuppe,7,Winter Care Medical,144,2023-09-30,144,32,Hiatus hernia,11
73,Dr. Tina Hirthe,14,Medical Gateway Center,140,2023-09-29,225,25,Functional neurological disorder,11
48,Dr. Lee Dicki,11,Community Choice Medicare,130,2023-09-06,387,21,Fibromyalgia,13
51,Dr. Derrick Schroeder,6,Human's Care Hospital,38,2023-03-21,848,2,Abdominal aortic aneurysm,14
49,Dr. Hugh Mertz,11,Community Choice Medicare,172,2023-11-13,172,1,Aagenaes syndrome,12
89,Dr. Sarah Reichel,17,Top Health Medical,10,2023-01-26,347,20,Epilepsy,14
59,Dr. Samantha Kuhic III,7,Winter Care Medical,117,2023-08-08,219,45,Malnutrition,15
98,Dr. Pamela Rempel,19,BFF Care Medical,58,2023-05-05,359,4,Appendicitis,13
23,Dr. Marc Glover,23,Sacred Life Health Care,45,2023-04-10,527,50,Pneumonia,11
32,Dr. Willard Cremin-Kunde,11,Community Choice Medicare,170,2023-11-09,312,39,Hypoglycaemia,12
60,Dr. Ross Abernathy,20,Highland Grace Hospital,119,2023-08-14,319,26,Gastroenteritis,15
20,Dr. Darrell Hintz,20,Highland Grace Hospital,114,2023-08-02,843,1,Aagenaes syndrome,13
32,Dr. Willard Cremin-Kunde,11,Community Choice Medicare,96,2023-07-08,855,39,Hypoglycaemia,12
46,Dr. Willie Koss I,22,Team Cure Medicare,200,2023-12-25,907,41,Iron deficiency anaemia,13
20,Dr. Darrell Hintz,20,Highland Grace Hospital,114,2023-08-02,725,20,Epilepsy,15
98,Dr. Pamela Rempel,19,BFF Care Medical,58,2023-05-05,58,44,Lyme disease,13
51,Dr. Derrick Schroeder,6,Human's Care Hospital,38,2023-03-21,38,38,Hypertension,14
50,Dr. Kenneth Halvorson-Ward V,8,Community Care Medical,99,2023-07-11,99,29,Hepatitis A,13
52,Dr. Hattie Kassulke,20,Highland Grace Hospital,103,2023-07-18,870,49,Osteosarcoma,15
65,Dr. Josephine Medhurst,1,New Hope Central,129,2023-09-05,984,26,Gastroenteritis,11
77,Dr. Ronnie Boehm-Langworth,9,FamCare Center,153,2023-10-11,521,13,Chlamydia,14
50,Dr. Kenneth Halvorson-Ward V,8,Community Care Medical,99,2023-07-11,269,4,Appendicitis,12
91,Dr. Gayle Hammes,8,Community Care Medical,181,2023-11-20,834,14,Chronic fatigue syndrome,13
78,Dr. Randal Kessler,7,Winter Care Medical,155,2023-10-14,518,39,Hypoglycaemia,12
96,Dr. Dwight Rowe DDS,9,FamCare Center,192,2023-12-09,192,4,Appendicitis,13
62,Dr. Kurt Crooks,2,Healing Hope Hospital,60,2023-05-09,60,49,Osteosarcoma,14
20,Dr. Darrell Hintz,20,Highland Grace Hospital,52,2023-04-20,989,26,Gastroenteritis,14
81,Dr. Angelica Torphy,5,Wellness Core Medicare,161,2023-10-23,161,24,Food poisoning,13
92,Dr. Kerry Mohr,16,Lifeline Medexpert Center,150,2023-10-08,415,10,Bronchitis,14
96,Dr. Dwight Rowe DDS,9,FamCare Center,154,2023-10-11,448,3,Alzheimer’s disease,14
96,Dr. Dwight Rowe DDS,9,FamCare Center,192,2023-12-09,768,5,Arterial thrombosis,11
52,Dr. Hattie Kassulke,20,Highland Grace Hospital,102,2023-07-17,436,48,Osteoporosis,13
65,Dr. Josephine Medhurst,1,New Hope Central,129,2023-09-05,129,1,Aagenaes syndrome,13
59,Dr. Samantha Kuhic III,7,Winter Care Medical,117,2023-08-08,233,4,Appendicitis,14
50,Dr. Kenneth Halvorson-Ward V,8,Community Care Medical,99,2023-07-11,371,48,Osteoporosis,15
19,Dr. Joseph Douglas,19,BFF Care Medical,37,2023-03-18,680,10,Bronchitis,12
2,Dr. Victor Durgan,2,Healing Hope Hospital,3,2023-01-12,551,37,Hyperhidrosis,12
33,Dr. Julio Sanford,22,Team Cure Medicare,65,2023-05-19,792,2,Abdominal aortic aneurysm,11
26,Dr. Lillian Ullrich,25,City Procare Health Center,51,2023-04-18,51,20,Epilepsy,12
44,Dr. Carol Oberbrunner,16,Lifeline Medexpert Center,87,2023-06-28,400,12,Chickenpox,15
39,Dr. Chris Schuppe,7,Winter Care Medical,132,2023-09-10,695,38,Hypertension,13
8,Dr. Katie Olson,8,Community Care Medical,86,2023-06-26,211,16,Coronary heart disease,13
64,Dr. Lucia Schamberger-Lueilwitz I,25,City Procare Health Center,127,2023-09-01,362,24,Food poisoning,14
64,Dr. Lucia Schamberger-Lueilwitz I,25,City Procare Health Center,127,2023-09-01,759,4,Appendicitis,13
93,Dr. Danielle King,21,Community Medhelp Hospital,185,2023-11-26,962,19,Endometriosis,12
94,Dr. Rudy Lockman,24,Life Medic Medical Center,187,2023-11-27,187,20,Epilepsy,11
20,Dr. Darrell Hintz,20,Highland Grace Hospital,110,2023-07-28,110,33,HIV,12
76,Dr. Jody Rolfson,4,Care Embrace Medical,151,2023-10-08,540,46,Munchausen’s syndrome,14
85,Dr. Stacey Koepp,5,Wellness Core Medicare,194,2023-12-12,802,32,Hiatus hernia,11
60,Dr. Ross Abernathy,20,Highland Grace Hospital,119,2023-08-14,274,32,Hiatus hernia,11
55,Dr. Ernest Senger III,10,VitaCare Medical,109,2023-07-26,109,11,Bulimia,13
87,Dr. Gail Miller,24,Life Medic Medical Center,173,2023-11-15,173,35,Huntington’s disease,13
40,Dr. Kelley Predovic IV,19,BFF Care Medical,79,2023-06-12,79,33,HIV,11
2,Dr. Victor Durgan,2,Healing Hope Hospital,3,2023-01-12,868,16,Coronary heart disease,15
27,Dr. Carrie Grant V,16,Lifeline Medexpert Center,40,2023-03-25,280,20,Epilepsy,14
4,Dr. Vicky Reichert,4,Care Embrace Medical,46,2023-04-12,513,28,Gout,11
13,Dr. Sarah Renner Jr.,13,Island Intensive Hospital,25,2023-03-01,369,18,Dysphagia,15
55,Dr. Ernest Senger III,10,VitaCare Medical,168,2023-11-07,435,7,Asbestosis,11
95,Dr. Marcus Will-Powlowski Jr.,25,City Procare Health Center,189,2023-11-29,218,13,Chlamydia,12
77,Dr. Ronnie Boehm-Langworth,9,FamCare Center,84,2023-06-22,84,37,Hyperhidrosis,13
54,Dr. Wallace Dicki,23,Sacred Life Health Care,107,2023-07-24,973,12,Chickenpox,13
92,Dr. Kerry Mohr,16,Lifeline Medexpert Center,150,2023-10-08,402,50,Pneumonia,13
4,Dr. Vicky Reichert,4,Care Embrace Medical,7,2023-01-20,904,21,Fibromyalgia,12
95,Dr. Marcus Will-Powlowski Jr.,25,City Procare Health Center,189,2023-11-29,189,41,Iron deficiency anaemia,11
99,Dr. Priscilla Yost,9,FamCare Center,197,2023-12-19,267,42,Laryngitis,11
61,Dr. Cindy Kunze III,3,Sacred Heart Medicare,121,2023-08-17,318,39,Hypoglycaemia,11
63,Dr. Gilbert Lang,19,BFF Care Medical,68,2023-05-24,68,36,Hyperglycaemia,14
15,Dr. Conrad Treutel,15,Medical 101 Center,29,2023-03-10,622,28,Gout,14
79,Dr. Howard Hartmann V,1,New Hope Central,112,2023-07-31,346,13,Chlamydia,14
23,Dr. Marc Glover,23,Sacred Life Health Care,134,2023-09-11,827,23,Food allergy,12
39,Dr. Chris Schuppe,7,Winter Care Medical,132,2023-09-10,889,19,Endometriosis,11
89,Dr. Sarah Reichel,17,Top Health Medical,10,2023-01-26,992,6,Arthritis,11
92,Dr. Kerry Mohr,16,Lifeline Medexpert Center,150,2023-10-08,202,7,Asbestosis,14
26,Dr. Lillian Ullrich,25,City Procare Health Center,50,2023-04-17,230,41,Iron deficiency anaemia,15
78,Dr. Randal Kessler,7,Winter Care Medical,155,2023-10-14,262,19,Endometriosis,15
84,Dr. Joann Satterfield,8,Community Care Medical,167,2023-11-05,167,27,Gonorrhoea,15
77,Dr. Ronnie Boehm-Langworth,9,FamCare Center,94,2023-07-06,714,50,Pneumonia,15
12,Dr. Roberta Hermiston,12,Care Expert Health Center,23,2023-02-24,976,26,Gastroenteritis,14
12,Dr. Roberta Hermiston,12,Care Expert Health Center,23,2023-02-24,587,40,Inflammatory bowel disease (IBD),15
78,Dr. Randal Kessler,7,Winter Care Medical,4,2023-01-15,554,37,Hyperhidrosis,13
25,Dr. Rosemarie Schamberger,25,City Procare Health Center,162,2023-10-25,162,43,Lupus,14
61,Dr. Cindy Kunze III,3,Sacred Heart Medicare,121,2023-08-17,332,45,Malnutrition,15
96,Dr. Dwight Rowe DDS,9,FamCare Center,26,2023-03-02,676,46,Munchausen’s syndrome,15
16,Dr. Tina Lang,16,Lifeline Medexpert Center,31,2023-03-11,31,31,Hepatitis C,14
31,Dr. Guillermo Schuster DVM,25,City Procare Health Center,61,2023-05-11,236,7,Asbestosis,13
87,Dr. Gail Miller,24,Life Medic Medical Center,173,2023-11-15,294,48,Osteoporosis,12
63,Dr. Gilbert Lang,19,BFF Care Medical,125,2023-08-27,125,28,Gout,13
63,Dr. Gilbert Lang,19,BFF Care Medical,68,2023-05-24,440,21,Fibromyalgia,13
65,Dr. Josephine Medhurst,1,New Hope Central,180,2023-11-20,180,24,Food poisoning,12
72,Dr. Glenda Goodwin,22,Team Cure Medicare,126,2023-08-30,487,30,Hepatitis B,11
73,Dr. Tina Hirthe,14,Medical Gateway Center,145,2023-09-30,275,43,Lupus,13
35,Dr. Sally Botsford,22,Team Cure Medicare,62,2023-05-14,558,36,Hyperglycaemia,12
78,Dr. Randal Kessler,7,Winter Care Medical,155,2023-10-14,960,9,Bipolar disorder,11
42,Dr. Carolyn Bartell MD,22,Team Cure Medicare,82,2023-06-17,281,5,Arterial thrombosis,14
35,Dr. Sally Botsford,22,Team Cure Medicare,34,2023-03-14,34,34,Hodgkin lymphoma,15
23,Dr. Marc Glover,23,Sacred Life Health Care,134,2023-09-11,134,35,Huntington’s disease,14
95,Dr. Marcus Will-Powlowski Jr.,25,City Procare Health Center,100,2023-07-14,884,6,Arthritis,14
53,Dr. Derrick Lubowitz,5,Wellness Core Medicare,105,2023-07-21,943,16,Coronary heart disease,14
64,Dr. Lucia Schamberger-Lueilwitz I,25,City Procare Health Center,127,2023-09-01,380,45,Malnutrition,14
55,Dr. Ernest Senger III,10,VitaCare Medical,109,2023-07-26,585,35,Huntington’s disease,11
20,Dr. Darrell Hintz,20,Highland Grace Hospital,146,2023-10-02,662,12,Chickenpox,11
83,Dr. Cora Kunze,21,Community Medhelp Hospital,165,2023-10-31,339,44,Lyme disease,11
100,Dr. Leland Wisoky,23,Sacred Life Health Care,199,2023-12-22,893,9,Bipolar disorder,11
51,Dr. Derrick Schroeder,6,Human's Care Hospital,38,2023-03-21,311,15,Cirrhosis,13
45,Dr. Mitchell Friesen,22,Team Cure Medicare,89,2023-07-01,89,10,Bronchitis,13
18,Dr. Lyle Gutkowski,18,Intel Medical Center,122,2023-08-21,122,17,Diabetes,11
85,Dr. Stacey Koepp,5,Wellness Core Medicare,169,2023-11-07,169,9,Bipolar disorder,14
43,Dr. Cynthia Runolfsson PhD,24,Life Medic Medical Center,85,2023-06-25,234,36,Hyperglycaemia,13
89,Dr. Sarah Reichel,17,Top Health Medical,32,2023-03-13,819,28,Gout,11
96,Dr. Dwight Rowe DDS,9,FamCare Center,26,2023-03-02,961,33,HIV,14
5,Dr. Marion Grant III,5,Wellness Core Medicare,20,2023-02-17,20,20,Epilepsy,11
38,Dr. Eric Johns,14,Medical Gateway Center,75,2023-06-06,522,7,Asbestosis,11
13,Dr. Sarah Renner Jr.,13,Island Intensive Hospital,25,2023-03-01,910,48,Osteoporosis,11
25,Dr. Rosemarie Schamberger,25,City Procare Health Center,74,2023-06-06,939,35,Huntington’s disease,11
39,Dr. Chris Schuppe,7,Winter Care Medical,144,2023-09-30,491,1,Aagenaes syndrome,13
63,Dr. Gilbert Lang,19,BFF Care Medical,68,2023-05-24,564,24,Food poisoning,14
98,Dr. Pamela Rempel,19,BFF Care Medical,28,2023-03-07,639,16,Coronary heart disease,11
90,Dr. Alexandra Gerhold,16,Lifeline Medexpert Center,179,2023-11-20,179,7,Asbestosis,12
46,Dr. Willie Koss I,22,Team Cure Medicare,200,2023-12-25,200,49,Osteosarcoma,14
92,Dr. Kerry Mohr,16,Lifeline Medexpert Center,183,2023-11-23,863,43,Lupus,14
92,Dr. Kerry Mohr,16,Lifeline Medexpert Center,150,2023-10-08,486,27,Gonorrhoea,13
38,Dr. Eric Johns,14,Medical Gateway Center,75,2023-06-06,552,47,Neuroblastoma,12
44,Dr. Carol Oberbrunner,16,Lifeline Medexpert Center,87,2023-06-28,733,3,Alzheimer’s disease,12
25,Dr. Rosemarie Schamberger,25,City Procare Health Center,162,2023-10-25,494,18,Dysphagia,11
67,Dr. Yolanda Larkin,2,Healing Hope Hospital,133,2023-09-11,133,13,Chlamydia,15
72,Dr. Glenda Goodwin,22,Team Cure Medicare,160,2023-10-21,474,40,Inflammatory bowel disease (IBD),12
59,Dr. Samantha Kuhic III,7,Winter Care Medical,117,2023-08-08,117,43,Lupus,15
63,Dr. Gilbert Lang,19,BFF Care Medical,125,2023-08-27,240,23,Food allergy,12
2,Dr. Victor Durgan,2,Healing Hope Hospital,3,2023-01-12,3,3,Alzheimer’s disease,14
40,Dr. Kelley Predovic IV,19,BFF Care Medical,79,2023-06-12,358,7,Asbestosis,11
5,Dr. Marion Grant III,5,Wellness Core Medicare,8,2023-01-20,711,6,Arthritis,11
62,Dr. Kurt Crooks,2,Healing Hope Hospital,124,2023-08-24,124,24,Food poisoning,12
79,Dr. Howard Hartmann V,1,New Hope Central,112,2023-07-31,683,29,Hepatitis A,11
7,Dr. Miss Natasha Kulas,7,Winter Care Medical,13,2023-02-02,295,20,Epilepsy,11
66,Dr. Bruce Collins,21,Community Medhelp Hospital,188,2023-11-29,832,21,Fibromyalgia,13
74,Dr. Amelia Wilderman,15,Medical 101 Center,147,2023-10-03,847,19,Endometriosis,14
89,Dr. Sarah Reichel,17,Top Health Medical,10,2023-01-26,10,10,Bronchitis,15
86,Dr. Ida Herzog,13,Island Intensive Hospital,171,2023-11-12,563,50,Pneumonia,11
18,Dr. Lyle Gutkowski,18,Intel Medical Center,122,2023-08-21,798,23,Food allergy,15
26,Dr. Lillian Ullrich,25,City Procare Health Center,51,2023-04-18,303,33,HIV,12
14,Dr. Marianne Gibson,14,Medical Gateway Center,186,2023-11-26,393,28,Gout,15
78,Dr. Randal Kessler,7,Winter Care Medical,6,2023-01-19,426,49,Osteosarcoma,15
78,Dr. Randal Kessler,7,Winter Care Medical,4,2023-01-15,4,4,Appendicitis,15
4,Dr. Vicky Reichert,4,Care Embrace Medical,7,2023-01-20,413,46,Munchausen’s syndrome,13
12,Dr. Roberta Hermiston,12,Care Expert Health Center,23,2023-02-24,686,19,Endometriosis,15
85,Dr. Stacey Koepp,5,Wellness Core Medicare,169,2023-11-07,896,35,Huntington’s disease,13
93,Dr. Danielle King,21,Community Medhelp Hospital,185,2023-11-26,185,40,Inflammatory bowel disease (IBD),15
93,Dr. Danielle King,21,Community Medhelp Hospital,185,2023-11-26,384,38,Hypertension,13
77,Dr. Ronnie Boehm-Langworth,9,FamCare Center,94,2023-07-06,356,13,Chlamydia,12
85,Dr. Stacey Koepp,5,Wellness Core Medicare,169,2023-11-07,791,17,Diabetes,12
34,Dr. Misty Wisoky,12,Care Expert Health Center,190,2023-12-02,987,11,Bulimia,11
44,Dr. Carol Oberbrunner,16,Lifeline Medexpert Center,87,2023-06-28,87,23,Food allergy,14
100,Dr. Leland Wisoky,23,Sacred Life Health Care,199,2023-12-22,199,27,Gonorrhoea,15
24,Dr. Trevor Nicolas,24,Life Medic Medical Center,47,2023-04-14,717,42,Laryngitis,12
75,Dr. Charlie Nader,14,Medical Gateway Center,149,2023-10-08,897,10,Bronchitis,12
78,Dr. Randal Kessler,7,Winter Care Medical,155,2023-10-14,155,13,Chlamydia,13
51,Dr. Derrick Schroeder,6,Human's Care Hospital,38,2023-03-21,489,1,Aagenaes syndrome,11
100,Dr. Leland Wisoky,23,Sacred Life Health Care,199,2023-12-22,653,46,Munchausen’s syndrome,13
45,Dr. Mitchell Friesen,22,Team Cure Medicare,89,2023-07-01,729,14,Chronic fatigue syndrome,12
82,Dr. Beatrice Hackett,8,Community Care Medical,163,2023-10-29,630,14,Chronic fatigue syndrome,13
49,Dr. Hugh Mertz,11,Community Choice Medicare,97,2023-07-08,97,17,Diabetes,15
49,Dr. Hugh Mertz,11,Community Choice Medicare,172,2023-11-13,352,46,Munchausen’s syndrome,13
60,Dr. Ross Abernathy,20,Highland Grace Hospital,118,2023-08-12,404,39,Hypoglycaemia,13
5,Dr. Marion Grant III,5,Wellness Core Medicare,18,2023-02-13,633,16,Coronary heart disease,12
25,Dr. Rosemarie Schamberger,25,City Procare Health Center,162,2023-10-25,297,20,Epilepsy,15
79,Dr. Howard Hartmann V,1,New Hope Central,157,2023-10-16,422,43,Lupus,12
7,Dr. Miss Natasha Kulas,7,Winter Care Medical,80,2023-06-13,245,2,Abdominal aortic aneurysm,14
63,Dr. Gilbert Lang,19,BFF Care Medical,198,2023-12-19,320,40,Inflammatory bowel disease (IBD),11
63,Dr. Gilbert Lang,19,BFF Care Medical,198,2023-12-19,198,16,Coronary heart disease,14
43,Dr. Cynthia Runolfsson PhD,24,Life Medic Medical Center,85,2023-06-25,732,39,Hypoglycaemia,13
29,Dr. Darla Donnelly,22,Team Cure Medicare,57,2023-05-04,767,36,Hyperglycaemia,14
52,Dr. Hattie Kassulke,20,Highland Grace Hospital,102,2023-07-17,982,12,Chickenpox,13
25,Dr. Rosemarie Schamberger,25,City Procare Health Center,66,2023-05-20,845,46,Munchausen’s syndrome,11
11,Dr. Pam Fay,11,Community Choice Medicare,21,2023-02-20,21,21,Fibromyalgia,13
82,Dr. Beatrice Hackett,8,Community Care Medical,156,2023-10-14,156,42,Laryngitis,15
42,Dr. Carolyn Bartell MD,22,Team Cure Medicare,83,2023-06-18,83,13,Chlamydia,15
39,Dr. Chris Schuppe,7,Winter Care Medical,132,2023-09-10,132,7,Asbestosis,11
92,Dr. Kerry Mohr,16,Lifeline Medexpert Center,183,2023-11-23,674,7,Asbestosis,14
80,Dr. Fannie McGlynn,3,Sacred Heart Medicare,120,2023-08-16,547,32,Hiatus hernia,14
18,Dr. Lyle Gutkowski,18,Intel Medical Center,35,2023-03-17,35,35,Huntington’s disease,15
64,Dr. Lucia Schamberger-Lueilwitz I,25,City Procare Health Center,136,2023-09-15,136,10,Bronchitis,15
13,Dr. Sarah Renner Jr.,13,Island Intensive Hospital,25,2023-03-01,702,37,Hyperhidrosis,13
92,Dr. Kerry Mohr,16,Lifeline Medexpert Center,150,2023-10-08,977,42,Laryngitis,15
48,Dr. Lee Dicki,11,Community Choice Medicare,130,2023-09-06,968,49,Osteosarcoma,12
50,Dr. Kenneth Halvorson-Ward V,8,Community Care Medical,166,2023-11-04,166,44,Lyme disease,15
25,Dr. Rosemarie Schamberger,25,City Procare Health Center,74,2023-06-06,879,10,Bronchitis,15
95,Dr. Marcus Will-Powlowski Jr.,25,City Procare Health Center,100,2023-07-14,502,12,Chickenpox,12
57,Dr. Clyde Hayes,18,Intel Medical Center,88,2023-06-30,498,17,Diabetes,11
8,Dr. Katie Olson,8,Community Care Medical,15,2023-02-06,789,6,Arthritis,14
41,Dr. Byron Ebert,3,Sacred Heart Medicare,81,2023-06-15,971,12,Chickenpox,15
99,Dr. Priscilla Yost,9,FamCare Center,22,2023-02-21,247,2,Abdominal aortic aneurysm,11
43,Dr. Cynthia Runolfsson PhD,24,Life Medic Medical Center,85,2023-06-25,769,14,Chronic fatigue syndrome,13
49,Dr. Hugh Mertz,11,Community Choice Medicare,97,2023-07-08,913,44,Lyme disease,12
13,Dr. Sarah Renner Jr.,13,Island Intensive Hospital,25,2023-03-01,25,25,Functional neurological disorder,13
66,Dr. Bruce Collins,21,Community Medhelp Hospital,188,2023-11-29,401,40,Inflammatory bowel disease (IBD),15
96,Dr. Dwight Rowe DDS,9,FamCare Center,154,2023-10-11,528,33,HIV,15
70,Dr. Jonathon Hahn,15,Medical 101 Center,139,2023-09-26,231,34,Hodgkin lymphoma,11
97,Dr. Irving Shields,11,Community Choice Medicare,193,2023-12-12,298,22,Flu,12
86,Dr. Ida Herzog,13,Island Intensive Hospital,171,2023-11-12,443,25,Functional neurological disorder,13
80,Dr. Fannie McGlynn,3,Sacred Heart Medicare,159,2023-10-19,543,27,Gonorrhoea,11
42,Dr. Carolyn Bartell MD,22,Team Cure Medicare,24,2023-02-26,785,1,Aagenaes syndrome,15
65,Dr. Josephine Medhurst,1,New Hope Central,129,2023-09-05,815,34,Hodgkin lymphoma,13
81,Dr. Angelica Torphy,5,Wellness Core Medicare,138,2023-09-22,906,22,Flu,11
89,Dr. Sarah Reichel,17,Top Health Medical,10,2023-01-26,936,41,Iron deficiency anaemia,14
59,Dr. Samantha Kuhic III,7,Winter Care Medical,158,2023-10-16,335,12,Chickenpox,14
99,Dr. Priscilla Yost,9,FamCare Center,92,2023-07-01,697,5,Arterial thrombosis,12
76,Dr. Jody Rolfson,4,Care Embrace Medical,151,2023-10-08,652,35,Huntington’s disease,12
62,Dr. Kurt Crooks,2,Healing Hope Hospital,124,2023-08-24,327,16,Coronary heart disease,15
15,Dr. Conrad Treutel,15,Medical 101 Center,29,2023-03-10,29,29,Hepatitis A,11
1,Dr. Jose Ernser DDS,1,New Hope Central,16,2023-02-09,264,49,Osteosarcoma,12
78,Dr. Randal Kessler,7,Winter Care Medical,78,2023-06-12,243,15,Cirrhosis,13
72,Dr. Glenda Goodwin,22,Team Cure Medicare,160,2023-10-21,631,30,Hepatitis B,11
52,Dr. Hattie Kassulke,20,Highland Grace Hospital,64,2023-05-19,840,35,Huntington’s disease,11
80,Dr. Fannie McGlynn,3,Sacred Heart Medicare,159,2023-10-19,159,16,Coronary heart disease,15
64,Dr. Lucia Schamberger-Lueilwitz I,25,City Procare Health Center,136,2023-09-15,213,49,Osteosarcoma,12
82,Dr. Beatrice Hackett,8,Community Care Medical,156,2023-10-14,813,32,Hiatus hernia,15
64,Dr. Lucia Schamberger-Lueilwitz I,25,City Procare Health Center,136,2023-09-15,892,37,Hyperhidrosis,11
79,Dr. Howard Hartmann V,1,New Hope Central,112,2023-07-31,112,3,Alzheimer’s disease,13
73,Dr. Tina Hirthe,14,Medical Gateway Center,145,2023-09-30,836,11,Bulimia,11
28,Dr. Jeanette Smith DDS,13,Island Intensive Hospital,55,2023-05-02,55,29,Hepatitis A,11
39,Dr. Chris Schuppe,7,Winter Care Medical,77,2023-06-10,286,33,HIV,14
41,Dr. Byron Ebert,3,Sacred Heart Medicare,81,2023-06-15,81,2,Abdominal aortic aneurysm,12
8,Dr. Katie Olson,8,Community Care Medical,15,2023-02-06,693,4,Appendicitis,15
63,Dr. Gilbert Lang,19,BFF Care Medical,198,2023-12-19,911,46,Munchausen’s syndrome,15
98,Dr. Pamela Rempel,19,BFF Care Medical,98,2023-07-08,98,23,Food allergy,13
27,Dr. Carrie Grant V,16,Lifeline Medexpert Center,53,2023-04-24,53,24,Food poisoning,12
22,Dr. Willard Walter,22,Team Cure Medicare,43,2023-04-03,425,39,Hypoglycaemia,14
90,Dr. Alexandra Gerhold,16,Lifeline Medexpert Center,179,2023-11-20,214,21,Fibromyalgia,11
89,Dr. Sarah Reichel,17,Top Health Medical,10,2023-01-26,602,11,Bulimia,14
43,Dr. Cynthia Runolfsson PhD,24,Life Medic Medical Center,85,2023-06-25,85,31,Hepatitis C,11
3,Dr. Seth Dicki,3,Sacred Heart Medicare,174,2023-11-16,455,32,Hiatus hernia,13
48,Dr. Lee Dicki,11,Community Choice Medicare,130,2023-09-06,575,28,Gout,13
26,Dr. Lillian Ullrich,25,City Procare Health Center,50,2023-04-17,50,50,Pneumonia,12
21,Dr. Cameron Ritchie,21,Community Medhelp Hospital,41,2023-03-26,276,19,Endometriosis,13
32,Dr. Willard Cremin-Kunde,11,Community Choice Medicare,170,2023-11-09,958,17,Diabetes,11
51,Dr. Derrick Schroeder,6,Human's Care Hospital,101,2023-07-14,101,38,Hypertension,13
43,Dr. Cynthia Runolfsson PhD,24,Life Medic Medical Center,85,2023-06-25,480,19,Endometriosis,14
47,Dr. Laurence Armstrong,19,BFF Care Medical,70,2023-05-24,70,10,Bronchitis,11
98,Dr. Pamela Rempel,19,BFF Care Medical,58,2023-05-05,392,29,Hepatitis A,15
58,Dr. Craig Rau,8,Community Care Medical,115,2023-08-04,901,17,Diabetes,11
89,Dr. Sarah Reichel,17,Top Health Medical,177,2023-11-19,689,20,Epilepsy,14
24,Dr. Trevor Nicolas,24,Life Medic Medical Center,47,2023-04-14,934,22,Flu,13
95,Dr. Marcus Will-Powlowski Jr.,25,City Procare Health Center,189,2023-11-29,637,33,HIV,15
78,Dr. Randal Kessler,7,Winter Care Medical,2,2023-01-10,2,2,Abdominal aortic aneurysm,11
30,Dr. Megan Quitzon,23,Sacred Life Health Care,59,2023-05-06,321,47,Neuroblastoma,14
10,Dr. Martha Legros,10,VitaCare Medical,19,2023-02-14,19,19,Endometriosis,14
25,Dr. Rosemarie Schamberger,25,City Procare Health Center,49,2023-04-17,49,49,Osteosarcoma,13
79,Dr. Howard Hartmann V,1,New Hope Central,157,2023-10-16,452,29,Hepatitis A,13
52,Dr. Hattie Kassulke,20,Highland Grace Hospital,102,2023-07-17,458,43,Lupus,11
29,Dr. Darla Donnelly,22,Team Cure Medicare,57,2023-05-04,793,13,Chlamydia,11
4,Dr. Vicky Reichert,4,Care Embrace Medical,46,2023-04-12,357,12,Chickenpox,13
78,Dr. Randal Kessler,7,Winter Care Medical,6,2023-01-19,6,6,Arthritis,11
97,Dr. Irving Shields,11,Community Choice Medicare,72,2023-05-30,72,2,Abdominal aortic aneurysm,15
52,Dr. Hattie Kassulke,20,Highland Grace Hospital,103,2023-07-18,103,11,Bulimia,12
20,Dr. Darrell Hintz,20,Highland Grace Hospital,110,2023-07-28,545,49,Osteosarcoma,15
79,Dr. Howard Hartmann V,1,New Hope Central,157,2023-10-16,157,3,Alzheimer’s disease,14
32,Dr. Willard Cremin-Kunde,11,Community Choice Medicare,96,2023-07-08,838,43,Lupus,13
50,Dr. Kenneth Halvorson-Ward V,8,Community Care Medical,142,2023-09-30,142,2,Abdominal aortic aneurysm,13
77,Dr. Ronnie Boehm-Langworth,9,FamCare Center,153,2023-10-11,713,48,Osteoporosis,15
33,Dr. Julio Sanford,22,Team Cure Medicare,65,2023-05-19,65,47,Neuroblastoma,13
92,Dr. Kerry Mohr,16,Lifeline Medexpert Center,183,2023-11-23,770,35,Huntington’s disease,13
79,Dr. Howard Hartmann V,1,New Hope Central,112,2023-07-31,903,35,Huntington’s disease,15
20,Dr. Darrell Hintz,20,Highland Grace Hospital,146,2023-10-02,146,33,HIV,12
96,Dr. Dwight Rowe DDS,9,FamCare Center,192,2023-12-09,263,28,Gout,15
69,Dr. Jeannette Heathcote,11,Community Choice Medicare,137,2023-09-19,433,34,Hodgkin lymphoma,15
74,Dr. Amelia Wilderman,15,Medical 101 Center,147,2023-10-03,439,13,Chlamydia,11
37,Dr. Laurie Bode,4,Care Embrace Medical,73,2023-06-03,706,47,Neuroblastoma,12
94,Dr. Rudy Lockman,24,Life Medic Medical Center,187,2023-11-27,745,5,Arterial thrombosis,14
74,Dr. Amelia Wilderman,15,Medical 101 Center,147,2023-10-03,947,36,Hyperglycaemia,12
77,Dr. Ronnie Boehm-Langworth,9,FamCare Center,153,2023-10-11,665,3,Alzheimer’s disease,13
86,Dr. Ida Herzog,13,Island Intensive Hospital,171,2023-11-12,483,48,Osteoporosis,15
32,Dr. Willard Cremin-Kunde,11,Community Choice Medicare,96,2023-07-08,96,7,Asbestosis,11
4,Dr. Vicky Reichert,4,Care Embrace Medical,46,2023-04-12,351,14,Chronic fatigue syndrome,11
78,Dr. Randal Kessler,7,Winter Care Medical,4,2023-01-15,283,24,Food poisoning,13
11,Dr. Pam Fay,11,Community Choice Medicare,48,2023-04-17,808,24,Food poisoning,12
32,Dr. Willard Cremin-Kunde,11,Community Choice Medicare,170,2023-11-09,617,3,Alzheimer’s disease,15
94,Dr. Rudy Lockman,24,Life Medic Medical Center,187,2023-11-27,206,34,Hodgkin lymphoma,12
98,Dr. Pamela Rempel,19,BFF Care Medical,28,2023-03-07,709,45,Malnutrition,13
48,Dr. Lee Dicki,11,Community Choice Medicare,95,2023-07-06,825,28,Gout,11
78,Dr. Randal Kessler,7,Winter Care Medical,78,2023-06-12,398,29,Hepatitis A,12
17,Dr. Elijah Pollich,17,Top Health Medical,106,2023-07-22,635,18,Dysphagia,14
26,Dr. Lillian Ullrich,25,City Procare Health Center,116,2023-08-04,841,6,Arthritis,15
22,Dr. Willard Walter,22,Team Cure Medicare,43,2023-04-03,694,41,Iron deficiency anaemia,11
36,Dr. Joann Dach,1,New Hope Central,71,2023-05-28,364,45,Malnutrition,14
11,Dr. Pam Fay,11,Community Choice Medicare,21,2023-02-20,305,5,Arterial thrombosis,12
4,Dr. Vicky Reichert,4,Care Embrace Medical,7,2023-01-20,468,11,Bulimia,13
41,Dr. Byron Ebert,3,Sacred Heart Medicare,81,2023-06-15,482,36,Hyperglycaemia,14
53,Dr. Derrick Lubowitz,5,Wellness Core Medicare,105,2023-07-21,105,28,Gout,12
57,Dr. Clyde Hayes,18,Intel Medical Center,113,2023-07-31,113,30,Hepatitis B,15
20,Dr. Darrell Hintz,20,Highland Grace Hospital,110,2023-07-28,579,22,Flu,15
5,Dr. Marion Grant III,5,Wellness Core Medicare,128,2023-09-02,972,15,Cirrhosis,12
97,Dr. Irving Shields,11,Community Choice Medicare,90,2023-07-01,562,49,Osteosarcoma,15
75,Dr. Charlie Nader,14,Medical Gateway Center,149,2023-10-08,999,47,Neuroblastoma,13
76,Dr. Jody Rolfson,4,Care Embrace Medical,151,2023-10-08,566,25,Functional neurological disorder,11
19,Dr. Joseph Douglas,19,BFF Care Medical,37,2023-03-18,573,5,Arterial thrombosis,12
77,Dr. Ronnie Boehm-Langworth,9,FamCare Center,153,2023-10-11,928,6,Arthritis,15
7,Dr. Miss Natasha Kulas,7,Winter Care Medical,80,2023-06-13,894,9,Bipolar disorder,13
1,Dr. Jose Ernser DDS,1,New Hope Central,1,2023-01-06,1,1,Aagenaes syndrome,14
57,Dr. Clyde Hayes,18,Intel Medical Center,88,2023-06-30,432,30,Hepatitis B,14
67,Dr. Yolanda Larkin,2,Healing Hope Hospital,133,2023-09-11,621,7,Asbestosis,14
56,Dr. Kyle Harris,4,Care Embrace Medical,111,2023-07-30,465,49,Osteosarcoma,14
86,Dr. Ida Herzog,13,Island Intensive Hospital,171,2023-11-12,583,32,Hiatus hernia,11
98,Dr. Pamela Rempel,19,BFF Care Medical,28,2023-03-07,248,22,Flu,13
79,Dr. Howard Hartmann V,1,New Hope Central,112,2023-07-31,308,38,Hypertension,11
42,Dr. Carolyn Bartell MD,22,Team Cure Medicare,82,2023-06-17,82,32,Hiatus hernia,12
98,Dr. Pamela Rempel,19,BFF Care Medical,195,2023-12-14,241,31,Hepatitis C,11
87,Dr. Gail Miller,24,Life Medic Medical Center,173,2023-11-15,685,34,Hodgkin lymphoma,15
46,Dr. Willie Koss I,22,Team Cure Medicare,91,2023-07-01,91,12,Chickenpox,13
25,Dr. Rosemarie Schamberger,25,City Procare Health Center,49,2023-04-17,325,17,Diabetes,11
1,Dr. Jose Ernser DDS,1,New Hope Central,1,2023-01-06,431,4,Appendicitis,14
36,Dr. Joann Dach,1,New Hope Central,71,2023-05-28,299,35,Huntington’s disease,14
25,Dr. Rosemarie Schamberger,25,City Procare Health Center,66,2023-05-20,208,35,Huntington’s disease,15
60,Dr. Ross Abernathy,20,Highland Grace Hospital,118,2023-08-12,445,20,Epilepsy,15
38,Dr. Eric Johns,14,Medical Gateway Center,75,2023-06-06,288,13,Chlamydia,15
96,Dr. Dwight Rowe DDS,9,FamCare Center,192,2023-12-09,212,15,Cirrhosis,12
84,Dr. Joann Satterfield,8,Community Care Medical,42,2023-03-30,389,10,Bronchitis,12
6,Dr. Warren Murphy,6,Human's Care Hospital,152,2023-10-08,576,25,Functional neurological disorder,15
81,Dr. Angelica Torphy,5,Wellness Core Medicare,138,2023-09-22,672,48,Osteoporosis,12
89,Dr. Sarah Reichel,17,Top Health Medical,177,2023-11-19,930,44,Lyme disease,11
72,Dr. Glenda Goodwin,22,Team Cure Medicare,143,2023-09-30,143,7,Asbestosis,15
74,Dr. Amelia Wilderman,15,Medical 101 Center,147,2023-10-03,642,31,Hepatitis C,12
54,Dr. Wallace Dicki,23,Sacred Life Health Care,107,2023-07-24,922,14,Chronic fatigue syndrome,15
77,Dr. Ronnie Boehm-Langworth,9,FamCare Center,94,2023-07-06,449,35,Huntington’s disease,13
45,Dr. Mitchell Friesen,22,Team Cure Medicare,89,2023-07-01,716,7,Asbestosis,15
4,Dr. Vicky Reichert,4,Care Embrace Medical,7,2023-01-20,856,48,Osteoporosis,15
30,Dr. Megan Quitzon,23,Sacred Life Health Care,59,2023-05-06,270,18,Dysphagia,13
90,Dr. Alexandra Gerhold,16,Lifeline Medexpert Center,14,2023-02-04,14,14,Chronic fatigue syndrome,11
100,Dr. Leland Wisoky,23,Sacred Life Health Care,199,2023-12-22,578,20,Epilepsy,11
75,Dr. Charlie Nader,14,Medical Gateway Center,149,2023-10-08,149,46,Munchausen’s syndrome,11
61,Dr. Cindy Kunze III,3,Sacred Heart Medicare,56,2023-05-04,611,37,Hyperhidrosis,15
56,Dr. Kyle Harris,4,Care Embrace Medical,111,2023-07-30,781,32,Hiatus hernia,11
20,Dr. Darrell Hintz,20,Highland Grace Hospital,114,2023-08-02,524,10,Bronchitis,15
42,Dr. Carolyn Bartell MD,22,Team Cure Medicare,24,2023-02-26,224,4,Appendicitis,12
90,Dr. Alexandra Gerhold,16,Lifeline Medexpert Center,179,2023-11-20,313,14,Chronic fatigue syndrome,12
54,Dr. Wallace Dicki,23,Sacred Life Health Care,107,2023-07-24,379,44,Lyme disease,11
64,Dr. Lucia Schamberger-Lueilwitz I,25,City Procare Health Center,136,2023-09-15,787,47,Neuroblastoma,12
48,Dr. Lee Dicki,11,Community Choice Medicare,196,2023-12-17,632,15,Cirrhosis,11
26,Dr. Lillian Ullrich,25,City Procare Health Center,50,2023-04-17,227,48,Osteoporosis,12
53,Dr. Derrick Lubowitz,5,Wellness Core Medicare,105,2023-07-21,388,19,Endometriosis,14
7,Dr. Miss Natasha Kulas,7,Winter Care Medical,13,2023-02-02,394,43,Lupus,11
21,Dr. Cameron Ritchie,21,Community Medhelp Hospital,41,2023-03-26,309,16,Coronary heart disease,12
4,Dr. Vicky Reichert,4,Care Embrace Medical,46,2023-04-12,866,23,Food allergy,15
77,Dr. Ronnie Boehm-Langworth,9,FamCare Center,94,2023-07-06,462,16,Coronary heart disease,12
65,Dr. Josephine Medhurst,1,New Hope Central,180,2023-11-20,503,29,Hepatitis A,12
97,Dr. Irving Shields,11,Community Choice Medicare,90,2023-07-01,90,11,Bulimia,13
83,Dr. Cora Kunze,21,Community Medhelp Hospital,165,2023-10-31,337,48,Osteoporosis,14
10,Dr. Martha Legros,10,VitaCare Medical,19,2023-02-14,988,22,Flu,14
63,Dr. Gilbert Lang,19,BFF Care Medical,125,2023-08-27,516,41,Iron deficiency anaemia,15
26,Dr. Lillian Ullrich,25,City Procare Health Center,116,2023-08-04,608,46,Munchausen’s syndrome,11
65,Dr. Josephine Medhurst,1,New Hope Central,180,2023-11-20,758,47,Neuroblastoma,13
89,Dr. Sarah Reichel,17,Top Health Medical,32,2023-03-13,926,41,Iron deficiency anaemia,15
6,Dr. Warren Murphy,6,Human's Care Hospital,152,2023-10-08,530,17,Diabetes,11
17,Dr. Elijah Pollich,17,Top Health Medical,33,2023-03-13,738,7,Asbestosis,12
47,Dr. Laurence Armstrong,19,BFF Care Medical,70,2023-05-24,944,49,Osteosarcoma,13
6,Dr. Warren Murphy,6,Human's Care Hospital,152,2023-10-08,152,20,Epilepsy,12
99,Dr. Priscilla Yost,9,FamCare Center,197,2023-12-19,970,47,Neuroblastoma,14
50,Dr. Kenneth Halvorson-Ward V,8,Community Care Medical,142,2023-09-30,625,16,Coronary heart disease,14
48,Dr. Lee Dicki,11,Community Choice Medicare,196,2023-12-17,196,24,Food poisoning,13
7,Dr. Miss Natasha Kulas,7,Winter Care Medical,80,2023-06-13,266,17,Diabetes,13
78,Dr. Randal Kessler,7,Winter Care Medical,108,2023-07-25,616,8,Asthma,11
22,Dr. Willard Walter,22,Team Cure Medicare,43,2023-04-03,43,43,Lupus,11
35,Dr. Sally Botsford,22,Team Cure Medicare,62,2023-05-14,878,20,Epilepsy,11
70,Dr. Jonathon Hahn,15,Medical 101 Center,139,2023-09-26,139,35,Huntington’s disease,12
97,Dr. Irving Shields,11,Community Choice Medicare,72,2023-05-30,430,30,Hepatitis B,11
89,Dr. Sarah Reichel,17,Top Health Medical,32,2023-03-13,32,32,Hiatus hernia,14
86,Dr. Ida Herzog,13,Island Intensive Hospital,171,2023-11-12,996,17,Diabetes,12
5,Dr. Marion Grant III,5,Wellness Core Medicare,18,2023-02-13,315,19,Endometriosis,14
32,Dr. Willard Cremin-Kunde,11,Community Choice Medicare,170,2023-11-09,919,44,Lyme disease,13
5,Dr. Marion Grant III,5,Wellness Core Medicare,20,2023-02-17,261,27,Gonorrhoea,11
64,Dr. Lucia Schamberger-Lueilwitz I,25,City Procare Health Center,136,2023-09-15,512,30,Hepatitis B,12
42,Dr. Carolyn Bartell MD,22,Team Cure Medicare,82,2023-06-17,517,31,Hepatitis C,15
96,Dr. Dwight Rowe DDS,9,FamCare Center,154,2023-10-11,154,13,Chlamydia,14
77,Dr. Ronnie Boehm-Langworth,9,FamCare Center,153,2023-10-11,153,36,Hyperglycaemia,12
26,Dr. Lillian Ullrich,25,City Procare Health Center,50,2023-04-17,229,16,Coronary heart disease,15
10,Dr. Martha Legros,10,VitaCare Medical,19,2023-02-14,254,33,HIV,12
77,Dr. Ronnie Boehm-Langworth,9,FamCare Center,94,2023-07-06,546,43,Lupus,11
20,Dr. Darrell Hintz,20,Highland Grace Hospital,52,2023-04-20,627,30,Hepatitis B,13
48,Dr. Lee Dicki,11,Community Choice Medicare,130,2023-09-06,130,37,Hyperhidrosis,13
29,Dr. Darla Donnelly,22,Team Cure Medicare,57,2023-05-04,950,5,Arterial thrombosis,14
31,Dr. Guillermo Schuster DVM,25,City Procare Health Center,61,2023-05-11,410,13,Chlamydia,13
33,Dr. Julio Sanford,22,Team Cure Medicare,65,2023-05-19,531,49,Osteosarcoma,14
45,Dr. Mitchell Friesen,22,Team Cure Medicare,89,2023-07-01,259,40,Inflammatory bowel disease (IBD),13
86,Dr. Ida Herzog,13,Island Intensive Hospital,171,2023-11-12,461,45,Malnutrition,12
11,Dr. Pam Fay,11,Community Choice Medicare,21,2023-02-20,953,4,Appendicitis,13
78,Dr. Randal Kessler,7,Winter Care Medical,78,2023-06-12,221,36,Hyperglycaemia,13
32,Dr. Willard Cremin-Kunde,11,Community Choice Medicare,176,2023-11-19,395,49,Osteosarcoma,11
98,Dr. Pamela Rempel,19,BFF Care Medical,58,2023-05-05,851,31,Hepatitis C,12
72,Dr. Glenda Goodwin,22,Team Cure Medicare,143,2023-09-30,580,43,Lupus,13
21,Dr. Cameron Ritchie,21,Community Medhelp Hospital,41,2023-03-26,420,45,Malnutrition,14
17,Dr. Elijah Pollich,17,Top Health Medical,33,2023-03-13,795,45,Malnutrition,11
93,Dr. Danielle King,21,Community Medhelp Hospital,185,2023-11-26,438,33,HIV,14
21,Dr. Cameron Ritchie,21,Community Medhelp Hospital,41,2023-03-26,559,6,Arthritis,14
22,Dr. Willard Walter,22,Team Cure Medicare,43,2023-04-03,598,44,Lyme disease,14
83,Dr. Cora Kunze,21,Community Medhelp Hospital,165,2023-10-31,707,30,Hepatitis B,11
65,Dr. Josephine Medhurst,1,New Hope Central,180,2023-11-20,536,45,Malnutrition,13
20,Dr. Darrell Hintz,20,Highland Grace Hospital,39,2023-03-21,485,18,Dysphagia,13
83,Dr. Cora Kunze,21,Community Medhelp Hospital,165,2023-10-31,735,9,Bipolar disorder,15
50,Dr. Kenneth Halvorson-Ward V,8,Community Care Medical,99,2023-07-11,204,23,Food allergy,11
40,Dr. Kelley Predovic IV,19,BFF Care Medical,79,2023-06-12,222,48,Osteoporosis,13
72,Dr. Glenda Goodwin,22,Team Cure Medicare,126,2023-08-30,588,40,Inflammatory bowel disease (IBD),12
39,Dr. Chris Schuppe,7,Winter Care Medical,132,2023-09-10,549,47,Neuroblastoma,14
61,Dr. Cindy Kunze III,3,Sacred Heart Medicare,56,2023-05-04,780,2,Abdominal aortic aneurysm,11
85,Dr. Stacey Koepp,5,Wellness Core Medicare,194,2023-12-12,833,45,Malnutrition,12
4,Dr. Vicky Reichert,4,Care Embrace Medical,46,2023-04-12,908,49,Osteosarcoma,13
98,Dr. Pamela Rempel,19,BFF Care Medical,98,2023-07-08,993,25,Functional neurological disorder,14
48,Dr. Lee Dicki,11,Community Choice Medicare,95,2023-07-06,95,2,Abdominal aortic aneurysm,12
17,Dr. Elijah Pollich,17,Top Health Medical,33,2023-03-13,755,25,Functional neurological disorder,11
58,Dr. Craig Rau,8,Community Care Medical,76,2023-06-07,76,26,Gastroenteritis,15
77,Dr. Ronnie Boehm-Langworth,9,FamCare Center,84,2023-06-22,555,28,Gout,14
46,Dr. Willie Koss I,22,Team Cure Medicare,91,2023-07-01,273,1,Aagenaes syndrome,12
89,Dr. Sarah Reichel,17,Top Health Medical,177,2023-11-19,591,9,Bipolar disorder,15
33,Dr. Julio Sanford,22,Team Cure Medicare,182,2023-11-21,809,49,Osteosarcoma,11
80,Dr. Fannie McGlynn,3,Sacred Heart Medicare,120,2023-08-16,249,27,Gonorrhoea,11
88,Dr. Kelli Hills,13,Island Intensive Hospital,175,2023-11-17,302,24,Food poisoning,12
1,Dr. Jose Ernser DDS,1,New Hope Central,1,2023-01-06,476,32,Hiatus hernia,13
99,Dr. Priscilla Yost,9,FamCare Center,92,2023-07-01,835,3,Alzheimer’s disease,14
54,Dr. Wallace Dicki,23,Sacred Life Health Care,107,2023-07-24,938,45,Malnutrition,15
73,Dr. Tina Hirthe,14,Medical Gateway Center,140,2023-09-29,386,24,Food poisoning,13
64,Dr. Lucia Schamberger-Lueilwitz I,25,City Procare Health Center,136,2023-09-15,348,11,Bulimia,14
55,Dr. Ernest Senger III,10,VitaCare Medical,168,2023-11-07,568,48,Osteoporosis,15
81,Dr. Angelica Torphy,5,Wellness Core Medicare,161,2023-10-23,207,29,Hepatitis A,14
80,Dr. Fannie McGlynn,3,Sacred Heart Medicare,159,2023-10-19,754,38,Hypertension,12
61,Dr. Cindy Kunze III,3,Sacred Heart Medicare,121,2023-08-17,812,5,Arterial thrombosis,14
77,Dr. Ronnie Boehm-Langworth,9,FamCare Center,84,2023-06-22,877,49,Osteosarcoma,14
17,Dr. Elijah Pollich,17,Top Health Medical,33,2023-03-13,366,31,Hepatitis C,14
80,Dr. Fannie McGlynn,3,Sacred Heart Medicare,120,2023-08-16,817,14,Chronic fatigue syndrome,11
75,Dr. Charlie Nader,14,Medical Gateway Center,149,2023-10-08,215,14,Chronic fatigue syndrome,11
35,Dr. Sally Botsford,22,Team Cure Medicare,62,2023-05-14,62,35,Huntington’s disease,11
99,Dr. Priscilla Yost,9,FamCare Center,197,2023-12-19,444,10,Bronchitis,11
66,Dr. Bruce Collins,21,Community Medhelp Hospital,188,2023-11-29,188,10,Bronchitis,13
42,Dr. Carolyn Bartell MD,22,Team Cure Medicare,82,2023-06-17,493,4,Appendicitis,11
98,Dr. Pamela Rempel,19,BFF Care Medical,28,2023-03-07,538,2,Abdominal aortic aneurysm,11
7,Dr. Miss Natasha Kulas,7,Winter Care Medical,80,2023-06-13,771,31,Hepatitis C,13
8,Dr. Katie Olson,8,Community Care Medical,86,2023-06-26,86,49,Osteosarcoma,13
62,Dr. Kurt Crooks,2,Healing Hope Hospital,60,2023-05-09,942,2,Abdominal aortic aneurysm,15
95,Dr. Marcus Will-Powlowski Jr.,25,City Procare Health Center,100,2023-07-14,100,33,HIV,14
44,Dr. Carol Oberbrunner,16,Lifeline Medexpert Center,87,2023-06-28,488,5,Arterial thrombosis,14
62,Dr. Kurt Crooks,2,Healing Hope Hospital,124,2023-08-24,626,19,Endometriosis,11
90,Dr. Alexandra Gerhold,16,Lifeline Medexpert Center,14,2023-02-04,969,42,Laryngitis,11
60,Dr. Ross Abernathy,20,Highland Grace Hospital,119,2023-08-14,119,43,Lupus,11
32,Dr. Willard Cremin-Kunde,11,Community Choice Medicare,63,2023-05-17,63,32,Hiatus hernia,11
83,Dr. Cora Kunze,21,Community Medhelp Hospital,165,2023-10-31,842,19,Endometriosis,11
19,Dr. Joseph Douglas,19,BFF Care Medical,37,2023-03-18,912,47,Neuroblastoma,15
77,Dr. Ronnie Boehm-Langworth,9,FamCare Center,94,2023-07-06,363,34,Hodgkin lymphoma,12
46,Dr. Willie Koss I,22,Team Cure Medicare,200,2023-12-25,678,48,Osteoporosis,14
89,Dr. Sarah Reichel,17,Top Health Medical,32,2023-03-13,881,30,Hepatitis B,14
20,Dr. Darrell Hintz,20,Highland Grace Hospital,39,2023-03-21,349,15,Cirrhosis,12
35,Dr. Sally Botsford,22,Team Cure Medicare,69,2023-05-24,372,5,Arterial thrombosis,15
50,Dr. Kenneth Halvorson-Ward V,8,Community Care Medical,166,2023-11-04,539,38,Hypertension,11
63,Dr. Gilbert Lang,19,BFF Care Medical,68,2023-05-24,597,29,Hepatitis A,11
23,Dr. Marc Glover,23,Sacred Life Health Care,45,2023-04-10,655,22,Flu,11
35,Dr. Sally Botsford,22,Team Cure Medicare,69,2023-05-24,69,31,Hepatitis C,15
8,Dr. Katie Olson,8,Community Care Medical,15,2023-02-06,252,2,Abdominal aortic aneurysm,13
52,Dr. Hattie Kassulke,20,Highland Grace Hospital,102,2023-07-17,353,14,Chronic fatigue syndrome,12
86,Dr. Ida Herzog,13,Island Intensive Hospital,171,2023-11-12,477,33,HIV,13
8,Dr. Katie Olson,8,Community Care Medical,15,2023-02-06,506,44,Lyme disease,12
23,Dr. Marc Glover,23,Sacred Life Health Care,134,2023-09-11,624,39,Hypoglycaemia,11
46,Dr. Willie Koss I,22,Team Cure Medicare,200,2023-12-25,820,2,Abdominal aortic aneurysm,12
11,Dr. Pam Fay,11,Community Choice Medicare,48,2023-04-17,48,48,Osteoporosis,14
4,Dr. Vicky Reichert,4,Care Embrace Medical,7,2023-01-20,505,45,Malnutrition,13
56,Dr. Kyle Harris,4,Care Embrace Medical,111,2023-07-30,710,33,HIV,15
52,Dr. Hattie Kassulke,20,Highland Grace Hospital,64,2023-05-19,378,27,Gonorrhoea,12
42,Dr. Carolyn Bartell MD,22,Team Cure Medicare,82,2023-06-17,700,36,Hyperglycaemia,14
39,Dr. Chris Schuppe,7,Winter Care Medical,144,2023-09-30,797,36,Hyperglycaemia,12
98,Dr. Pamela Rempel,19,BFF Care Medical,58,2023-05-05,849,20,Epilepsy,14
56,Dr. Kyle Harris,4,Care Embrace Medical,111,2023-07-30,111,21,Fibromyalgia,13
81,Dr. Angelica Torphy,5,Wellness Core Medicare,138,2023-09-22,138,13,Chlamydia,14
52,Dr. Hattie Kassulke,20,Highland Grace Hospital,64,2023-05-19,610,8,Asthma,11
35,Dr. Sally Botsford,22,Team Cure Medicare,69,2023-05-24,806,36,Hyperglycaemia,14
26,Dr. Lillian Ullrich,25,City Procare Health Center,50,2023-04-17,698,21,Fibromyalgia,12
88,Dr. Kelli Hills,13,Island Intensive Hospital,175,2023-11-17,736,41,Iron deficiency anaemia,12
26,Dr. Lillian Ullrich,25,City Procare Health Center,116,2023-08-04,807,25,Functional neurological disorder,14
5,Dr. Marion Grant III,5,Wellness Core Medicare,18,2023-02-13,719,9,Bipolar disorder,14
7,Dr. Miss Natasha Kulas,7,Winter Care Medical,13,2023-02-02,772,17,Diabetes,12
90,Dr. Alexandra Gerhold,16,Lifeline Medexpert Center,179,2023-11-20,203,42,Laryngitis,11
89,Dr. Sarah Reichel,17,Top Health Medical,10,2023-01-26,737,39,Hypoglycaemia,15
44,Dr. Carol Oberbrunner,16,Lifeline Medexpert Center,87,2023-06-28,844,39,Hypoglycaemia,14
99,Dr. Priscilla Yost,9,FamCare Center,22,2023-02-21,22,22,Flu,13
70,Dr. Jonathon Hahn,15,Medical 101 Center,139,2023-09-26,803,32,Hiatus hernia,13
66,Dr. Bruce Collins,21,Community Medhelp Hospital,131,2023-09-10,956,3,Alzheimer’s disease,11
27,Dr. Carrie Grant V,16,Lifeline Medexpert Center,53,2023-04-24,427,50,Pneumonia,12
65,Dr. Josephine Medhurst,1,New Hope Central,129,2023-09-05,778,7,Asbestosis,13
31,Dr. Guillermo Schuster DVM,25,City Procare Health Center,61,2023-05-11,660,24,Food poisoning,11
61,Dr. Cindy Kunze III,3,Sacred Heart Medicare,121,2023-08-17,382,3,Alzheimer’s disease,13
72,Dr. Glenda Goodwin,22,Team Cure Medicare,148,2023-10-06,681,15,Cirrhosis,13
26,Dr. Lillian Ullrich,25,City Procare Health Center,51,2023-04-18,731,5,Arterial thrombosis,13
17,Dr. Elijah Pollich,17,Top Health Medical,106,2023-07-22,918,2,Abdominal aortic aneurysm,13
3,Dr. Seth Dicki,3,Sacred Heart Medicare,174,2023-11-16,174,48,Osteoporosis,12
52,Dr. Hattie Kassulke,20,Highland Grace Hospital,103,2023-07-18,526,48,Osteoporosis,12
48,Dr. Lee Dicki,11,Community Choice Medicare,196,2023-12-17,529,11,Bulimia,14
50,Dr. Kenneth Halvorson-Ward V,8,Community Care Medical,142,2023-09-30,998,13,Chlamydia,12
57,Dr. Clyde Hayes,18,Intel Medical Center,113,2023-07-31,584,8,Asthma,13
90,Dr. Alexandra Gerhold,16,Lifeline Medexpert Center,14,2023-02-04,260,5,Arterial thrombosis,14
58,Dr. Craig Rau,8,Community Care Medical,36,2023-03-18,316,10,Bronchitis,13
100,Dr. Leland Wisoky,23,Sacred Life Health Care,199,2023-12-22,854,33,HIV,15
32,Dr. Willard Cremin-Kunde,11,Community Choice Medicare,176,2023-11-19,377,3,Alzheimer’s disease,13
5,Dr. Marion Grant III,5,Wellness Core Medicare,128,2023-09-02,650,33,HIV,11
20,Dr. Darrell Hintz,20,Highland Grace Hospital,114,2023-08-02,649,4,Appendicitis,12
57,Dr. Clyde Hayes,18,Intel Medical Center,88,2023-06-30,862,3,Alzheimer’s disease,13
38,Dr. Eric Johns,14,Medical Gateway Center,75,2023-06-06,75,1,Aagenaes syndrome,13
98,Dr. Pamela Rempel,19,BFF Care Medical,195,2023-12-14,195,25,Functional neurological disorder,13
34,Dr. Misty Wisoky,12,Care Expert Health Center,67,2023-05-22,354,21,Fibromyalgia,11
73,Dr. Tina Hirthe,14,Medical Gateway Center,140,2023-09-29,582,46,Munchausen’s syndrome,13
12,Dr. Roberta Hermiston,12,Care Expert Health Center,23,2023-02-24,479,3,Alzheimer’s disease,15
92,Dr. Kerry Mohr,16,Lifeline Medexpert Center,150,2023-10-08,150,47,Neuroblastoma,12
41,Dr. Byron Ebert,3,Sacred Heart Medicare,81,2023-06-15,450,9,Bipolar disorder,11
16,Dr. Tina Lang,16,Lifeline Medexpert Center,31,2023-03-11,875,47,Neuroblastoma,12
78,Dr. Randal Kessler,7,Winter Care Medical,155,2023-10-14,612,44,Lyme disease,15
17,Dr. Elijah Pollich,17,Top Health Medical,106,2023-07-22,570,35,Huntington’s disease,15
95,Dr. Marcus Will-Powlowski Jr.,25,City Procare Health Center,164,2023-10-29,164,32,Hiatus hernia,14
37,Dr. Laurie Bode,4,Care Embrace Medical,73,2023-06-03,623,45,Malnutrition,15
94,Dr. Rudy Lockman,24,Life Medic Medical Center,184,2023-11-24,670,48,Osteoporosis,12
29,Dr. Darla Donnelly,22,Team Cure Medicare,57,2023-05-04,975,10,Bronchitis,15
34,Dr. Misty Wisoky,12,Care Expert Health Center,190,2023-12-02,751,25,Functional neurological disorder,11
28,Dr. Jeanette Smith DDS,13,Island Intensive Hospital,55,2023-05-02,886,16,Coronary heart disease,12
68,Dr. Ruben Mertz,16,Lifeline Medexpert Center,135,2023-09-14,923,37,Hyperhidrosis,13
68,Dr. Ruben Mertz,16,Lifeline Medexpert Center,135,2023-09-14,952,12,Chickenpox,13
80,Dr. Fannie McGlynn,3,Sacred Heart Medicare,120,2023-08-16,120,33,HIV,15
52,Dr. Hattie Kassulke,20,Highland Grace Hospital,103,2023-07-18,265,4,Appendicitis,14
32,Dr. Willard Cremin-Kunde,11,Community Choice Medicare,96,2023-07-08,345,35,Huntington’s disease,11
95,Dr. Marcus Will-Powlowski Jr.,25,City Procare Health Center,189,2023-11-29,721,44,Lyme disease,14
89,Dr. Sarah Reichel,17,Top Health Medical,177,2023-11-19,301,11,Bulimia,13
3,Dr. Seth Dicki,3,Sacred Heart Medicare,174,2023-11-16,484,35,Huntington’s disease,11
3,Dr. Seth Dicki,3,Sacred Heart Medicare,5,2023-01-15,304,11,Bulimia,13
5,Dr. Marion Grant III,5,Wellness Core Medicare,128,2023-09-02,343,50,Pneumonia,13
87,Dr. Gail Miller,24,Life Medic Medical Center,173,2023-11-15,593,47,Neuroblastoma,11
26,Dr. Lillian Ullrich,25,City Procare Health Center,116,2023-08-04,727,41,Iron deficiency anaemia,13
89,Dr. Sarah Reichel,17,Top Health Medical,32,2023-03-13,285,23,Food allergy,13
25,Dr. Rosemarie Schamberger,25,City Procare Health Center,49,2023-04-17,535,30,Hepatitis B,12
88,Dr. Kelli Hills,13,Island Intensive Hospital,175,2023-11-17,272,42,Laryngitis,15
66,Dr. Bruce Collins,21,Community Medhelp Hospital,188,2023-11-29,519,37,Hyperhidrosis,15
73,Dr. Tina Hirthe,14,Medical Gateway Center,140,2023-09-29,140,43,Lupus,15
48,Dr. Lee Dicki,11,Community Choice Medicare,196,2023-12-17,257,49,Osteosarcoma,12
1,Dr. Jose Ernser DDS,1,New Hope Central,1,2023-01-06,419,39,Hypoglycaemia,15
33,Dr. Julio Sanford,22,Team Cure Medicare,182,2023-11-21,945,7,Asbestosis,14
47,Dr. Laurence Armstrong,19,BFF Care Medical,54,2023-04-28,246,1,Aagenaes syndrome,12
99,Dr. Priscilla Yost,9,FamCare Center,22,2023-02-21,428,5,Arterial thrombosis,11
32,Dr. Willard Cremin-Kunde,11,Community Choice Medicare,176,2023-11-19,723,34,Hodgkin lymphoma,13
31,Dr. Guillermo Schuster DVM,25,City Procare Health Center,30,2023-03-11,250,42,Laryngitis,14
56,Dr. Kyle Harris,4,Care Embrace Medical,111,2023-07-30,742,36,Hyperglycaemia,11
80,Dr. Fannie McGlynn,3,Sacred Heart Medicare,159,2023-10-19,828,15,Cirrhosis,13
57,Dr. Clyde Hayes,18,Intel Medical Center,88,2023-06-30,88,22,Flu,14
62,Dr. Kurt Crooks,2,Healing Hope Hospital,123,2023-08-21,242,23,Food allergy,14
69,Dr. Jeannette Heathcote,11,Community Choice Medicare,137,2023-09-19,600,46,Munchausen’s syndrome,15
78,Dr. Randal Kessler,7,Winter Care Medical,78,2023-06-12,78,32,Hiatus hernia,11
20,Dr. Darrell Hintz,20,Highland Grace Hospital,110,2023-07-28,412,15,Cirrhosis,15
48,Dr. Lee Dicki,11,Community Choice Medicare,130,2023-09-06,933,26,Gastroenteritis,14
96,Dr. Dwight Rowe DDS,9,FamCare Center,26,2023-03-02,946,22,Flu,13
77,Dr. Ronnie Boehm-Langworth,9,FamCare Center,153,2023-10-11,890,40,Inflammatory bowel disease (IBD),14
88,Dr. Kelli Hills,13,Island Intensive Hospital,175,2023-11-17,954,3,Alzheimer’s disease,12
51,Dr. Derrick Schroeder,6,Human's Care Hospital,101,2023-07-14,667,43,Lupus,14
96,Dr. Dwight Rowe DDS,9,FamCare Center,154,2023-10-11,553,11,Bulimia,14
71,Dr. Gladys Towne,12,Care Expert Health Center,141,2023-09-30,790,41,Iron deficiency anaemia,15
45,Dr. Mitchell Friesen,22,Team Cure Medicare,89,2023-07-01,478,4,Appendicitis,14
83,Dr. Cora Kunze,21,Community Medhelp Hospital,165,2023-10-31,826,47,Neuroblastoma,11
98,Dr. Pamela Rempel,19,BFF Care Medical,195,2023-12-14,355,34,Hodgkin lymphoma,13
19,Dr. Joseph Douglas,19,BFF Care Medical,178,2023-11-20,178,46,Munchausen’s syndrome,15
44,Dr. Carol Oberbrunner,16,Lifeline Medexpert Center,87,2023-06-28,592,28,Gout,12
81,Dr. Angelica Torphy,5,Wellness Core Medicare,138,2023-09-22,258,11,Bulimia,14
46,Dr. Willie Koss I,22,Team Cure Medicare,200,2023-12-25,342,17,Diabetes,13
48,Dr. Lee Dicki,11,Community Choice Medicare,196,2023-12-17,684,43,Lupus,11
59,Dr. Samantha Kuhic III,7,Winter Care Medical,117,2023-08-08,341,31,Hepatitis C,11
23,Dr. Marc Glover,23,Sacred Life Health Care,45,2023-04-10,534,11,Bulimia,15
78,Dr. Randal Kessler,7,Winter Care Medical,155,2023-10-14,396,40,Inflammatory bowel disease (IBD),12
77,Dr. Ronnie Boehm-Langworth,9,FamCare Center,153,2023-10-11,606,47,Neuroblastoma,12
18,Dr. Lyle Gutkowski,18,Intel Medical Center,35,2023-03-17,644,29,Hepatitis A,14
65,Dr. Josephine Medhurst,1,New Hope Central,129,2023-09-05,1000,39,Hypoglycaemia,11
95,Dr. Marcus Will-Powlowski Jr.,25,City Procare Health Center,164,2023-10-29,876,7,Asbestosis,12
52,Dr. Hattie Kassulke,20,Highland Grace Hospital,64,2023-05-19,590,31,Hepatitis C,11
48,Dr. Lee Dicki,11,Community Choice Medicare,196,2023-12-17,403,10,Bronchitis,15
87,Dr. Gail Miller,24,Life Medic Medical Center,173,2023-11-15,604,2,Abdominal aortic aneurysm,13
95,Dr. Marcus Will-Powlowski Jr.,25,City Procare Health Center,164,2023-10-29,955,14,Chronic fatigue syndrome,15
89,Dr. Sarah Reichel,17,Top Health Medical,32,2023-03-13,574,24,Food poisoning,14
61,Dr. Cindy Kunze III,3,Sacred Heart Medicare,121,2023-08-17,121,49,Osteosarcoma,11
96,Dr. Dwight Rowe DDS,9,FamCare Center,192,2023-12-09,882,18,Dysphagia,13
14,Dr. Marianne Gibson,14,Medical Gateway Center,27,2023-03-06,27,27,Gonorrhoea,14
7,Dr. Miss Natasha Kulas,7,Winter Care Medical,80,2023-06-13,659,34,Hodgkin lymphoma,11
60,Dr. Ross Abernathy,20,Highland Grace Hospital,118,2023-08-12,951,40,Inflammatory bowel disease (IBD),15
72,Dr. Glenda Goodwin,22,Team Cure Medicare,160,2023-10-21,255,1,Aagenaes syndrome,13
7,Dr. Miss Natasha Kulas,7,Winter Care Medical,104,2023-07-18,365,37,Hyperhidrosis,15
81,Dr. Angelica Torphy,5,Wellness Core Medicare,161,2023-10-23,705,43,Lupus,14
4,Dr. Vicky Reichert,4,Care Embrace Medical,7,2023-01-20,7,7,Asbestosis,15
84,Dr. Joann Satterfield,8,Community Care Medical,167,2023-11-05,715,3,Alzheimer’s disease,14
24,Dr. Trevor Nicolas,24,Life Medic Medical Center,47,2023-04-14,47,47,Neuroblastoma,14
78,Dr. Randal Kessler,7,Winter Care Medical,155,2023-10-14,373,11,Bulimia,14
99,Dr. Priscilla Yost,9,FamCare Center,197,2023-12-19,409,31,Hepatitis C,15
10,Dr. Martha Legros,10,VitaCare Medical,19,2023-02-14,800,31,Hepatitis C,11
67,Dr. Yolanda Larkin,2,Healing Hope Hospital,133,2023-09-11,481,39,Hypoglycaemia,14
78,Dr. Randal Kessler,7,Winter Care Medical,6,2023-01-19,703,39,Hypoglycaemia,14
39,Dr. Chris Schuppe,7,Winter Care Medical,77,2023-06-10,291,12,Chickenpox,13
78,Dr. Randal Kessler,7,Winter Care Medical,2,2023-01-10,852,7,Asbestosis,15
97,Dr. Irving Shields,11,Community Choice Medicare,90,2023-07-01,537,22,Flu,12
7,Dr. Miss Natasha Kulas,7,Winter Care Medical,13,2023-02-02,490,21,Fibromyalgia,15
7,Dr. Miss Natasha Kulas,7,Winter Care Medical,104,2023-07-18,104,36,Hyperglycaemia,14
26,Dr. Lillian Ullrich,25,City Procare Health Center,116,2023-08-04,750,15,Cirrhosis,14
59,Dr. Samantha Kuhic III,7,Winter Care Medical,117,2023-08-08,880,41,Iron deficiency anaemia,15
89,Dr. Sarah Reichel,17,Top Health Medical,177,2023-11-19,636,16,Coronary heart disease,15
50,Dr. Kenneth Halvorson-Ward V,8,Community Care Medical,166,2023-11-04,210,33,HIV,15
51,Dr. Derrick Schroeder,6,Human's Care Hospital,101,2023-07-14,645,39,Hypoglycaemia,14
92,Dr. Kerry Mohr,16,Lifeline Medexpert Center,150,2023-10-08,921,2,Abdominal aortic aneurysm,11
72,Dr. Glenda Goodwin,22,Team Cure Medicare,143,2023-09-30,217,28,Gout,15
90,Dr. Alexandra Gerhold,16,Lifeline Medexpert Center,14,2023-02-04,330,28,Gout,11
20,Dr. Darrell Hintz,20,Highland Grace Hospital,39,2023-03-21,761,35,Huntington’s disease,13
39,Dr. Chris Schuppe,7,Winter Care Medical,144,2023-09-30,920,17,Diabetes,12
18,Dr. Lyle Gutkowski,18,Intel Medical Center,35,2023-03-17,469,22,Flu,13
47,Dr. Laurence Armstrong,19,BFF Care Medical,70,2023-05-24,572,37,Hyperhidrosis,15
96,Dr. Dwight Rowe DDS,9,FamCare Center,191,2023-12-05,701,44,Lyme disease,11
27,Dr. Carrie Grant V,16,Lifeline Medexpert Center,53,2023-04-24,722,46,Munchausen’s syndrome,11
9,Dr. Norman Crooks,9,FamCare Center,17,2023-02-11,764,44,Lyme disease,13
36,Dr. Joann Dach,1,New Hope Central,71,2023-05-28,71,50,Pneumonia,13
37,Dr. Laurie Bode,4,Care Embrace Medical,73,2023-06-03,997,6,Arthritis,12
57,Dr. Clyde Hayes,18,Intel Medical Center,113,2023-07-31,361,13,Chlamydia,15
46,Dr. Willie Koss I,22,Team Cure Medicare,200,2023-12-25,496,20,Epilepsy,14
11,Dr. Pam Fay,11,Community Choice Medicare,48,2023-04-17,456,10,Bronchitis,15
92,Dr. Kerry Mohr,16,Lifeline Medexpert Center,183,2023-11-23,183,5,Arterial thrombosis,14
25,Dr. Rosemarie Schamberger,25,City Procare Health Center,49,2023-04-17,235,37,Hyperhidrosis,13
91,Dr. Gayle Hammes,8,Community Care Medical,181,2023-11-20,181,9,Bipolar disorder,15
94,Dr. Rudy Lockman,24,Life Medic Medical Center,187,2023-11-27,557,36,Hyperglycaemia,11
14,Dr. Marianne Gibson,14,Medical Gateway Center,186,2023-11-26,762,21,Fibromyalgia,13
93,Dr. Danielle King,21,Community Medhelp Hospital,185,2023-11-26,470,14,Chronic fatigue syndrome,15
64,Dr. Lucia Schamberger-Lueilwitz I,25,City Procare Health Center,136,2023-09-15,523,15,Cirrhosis,12
92,Dr. Kerry Mohr,16,Lifeline Medexpert Center,150,2023-10-08,724,49,Osteosarcoma,12
23,Dr. Marc Glover,23,Sacred Life Health Care,45,2023-04-10,45,45,Malnutrition,14
25,Dr. Rosemarie Schamberger,25,City Procare Health Center,49,2023-04-17,548,45,Malnutrition,12
50,Dr. Kenneth Halvorson-Ward V,8,Community Care Medical,142,2023-09-30,646,25,Functional neurological disorder,15
59,Dr. Samantha Kuhic III,7,Winter Care Medical,117,2023-08-08,983,17,Diabetes,14
90,Dr. Alexandra Gerhold,16,Lifeline Medexpert Center,179,2023-11-20,417,26,Gastroenteritis,15
70,Dr. Jonathon Hahn,15,Medical 101 Center,139,2023-09-26,556,44,Lyme disease,11
7,Dr. Miss Natasha Kulas,7,Winter Care Medical,13,2023-02-02,846,4,Appendicitis,11
81,Dr. Angelica Torphy,5,Wellness Core Medicare,161,2023-10-23,991,5,Arterial thrombosis,14
4,Dr. Vicky Reichert,4,Care Embrace Medical,46,2023-04-12,46,46,Munchausen’s syndrome,11
47,Dr. Laurence Armstrong,19,BFF Care Medical,54,2023-04-28,451,45,Malnutrition,15
32,Dr. Willard Cremin-Kunde,11,Community Choice Medicare,170,2023-11-09,671,42,Laryngitis,15
39,Dr. Chris Schuppe,7,Winter Care Medical,77,2023-06-10,607,48,Osteoporosis,14
56,Dr. Kyle Harris,4,Care Embrace Medical,111,2023-07-30,618,35,Huntington’s disease,15
19,Dr. Joseph Douglas,19,BFF Care Medical,37,2023-03-18,648,42,Laryngitis,12
30,Dr. Megan Quitzon,23,Sacred Life Health Care,59,2023-05-06,957,24,Food poisoning,11
73,Dr. Tina Hirthe,14,Medical Gateway Center,140,2023-09-29,741,26,Gastroenteritis,15
30,Dr. Megan Quitzon,23,Sacred Life Health Care,59,2023-05-06,59,46,Munchausen’s syndrome,13
82,Dr. Beatrice Hackett,8,Community Care Medical,163,2023-10-29,504,49,Osteosarcoma,13
76,Dr. Jody Rolfson,4,Care Embrace Medical,44,2023-04-07,634,16,Coronary heart disease,14
63,Dr. Gilbert Lang,19,BFF Care Medical,125,2023-08-27,679,42,Laryngitis,13
5,Dr. Marion Grant III,5,Wellness Core Medicare,8,2023-01-20,712,20,Epilepsy,14
5,Dr. Marion Grant III,5,Wellness Core Medicare,18,2023-02-13,310,13,Chlamydia,11
39,Dr. Chris Schuppe,7,Winter Care Medical,144,2023-09-30,434,15,Cirrhosis,12
56,Dr. Kyle Harris,4,Care Embrace Medical,111,2023-07-30,307,47,Neuroblastoma,11
89,Dr. Sarah Reichel,17,Top Health Medical,177,2023-11-19,718,10,Bronchitis,15
25,Dr. Rosemarie Schamberger,25,City Procare Health Center,74,2023-06-06,74,2,Abdominal aortic aneurysm,13
68,Dr. Ruben Mertz,16,Lifeline Medexpert Center,135,2023-09-14,499,38,Hypertension,15
93,Dr. Danielle King,21,Community Medhelp Hospital,185,2023-11-26,774,28,Gout,15
51,Dr. Derrick Schroeder,6,Human's Care Hospital,101,2023-07-14,586,17,Diabetes,15
20,Dr. Darrell Hintz,20,Highland Grace Hospital,52,2023-04-20,500,25,Functional neurological disorder,15
99,Dr. Priscilla Yost,9,FamCare Center,197,2023-12-19,690,29,Hepatitis A,12
39,Dr. Chris Schuppe,7,Winter Care Medical,77,2023-06-10,914,37,Hyperhidrosis,13
12,Dr. Roberta Hermiston,12,Care Expert Health Center,23,2023-02-24,23,23,Food allergy,15
63,Dr. Gilbert Lang,19,BFF Care Medical,125,2023-08-27,472,40,Inflammatory bowel disease (IBD),11
80,Dr. Fannie McGlynn,3,Sacred Heart Medicare,159,2023-10-19,730,37,Hyperhidrosis,11
52,Dr. Hattie Kassulke,20,Highland Grace Hospital,102,2023-07-17,102,35,Huntington’s disease,12
35,Dr. Sally Botsford,22,Team Cure Medicare,34,2023-03-14,391,49,Osteosarcoma,14
62,Dr. Kurt Crooks,2,Healing Hope Hospital,123,2023-08-21,647,8,Asthma,12
69,Dr. Jeannette Heathcote,11,Community Choice Medicare,137,2023-09-19,137,2,Abdominal aortic aneurysm,14
59,Dr. Samantha Kuhic III,7,Winter Care Medical,158,2023-10-16,595,5,Arterial thrombosis,14
26,Dr. Lillian Ullrich,25,City Procare Health Center,116,2023-08-04,760,22,Flu,14
44,Dr. Carol Oberbrunner,16,Lifeline Medexpert Center,87,2023-06-28,865,43,Lupus,14
34,Dr. Misty Wisoky,12,Care Expert Health Center,67,2023-05-22,909,42,Laryngitis,15
25,Dr. Rosemarie Schamberger,25,City Procare Health Center,66,2023-05-20,66,11,Bulimia,13
72,Dr. Glenda Goodwin,22,Team Cure Medicare,148,2023-10-06,148,31,Hepatitis C,11
35,Dr. Sally Botsford,22,Team Cure Medicare,62,2023-05-14,326,25,Functional neurological disorder,15
78,Dr. Randal Kessler,7,Winter Care Medical,4,2023-01-15,328,48,Osteoporosis,15
35,Dr. Sally Botsford,22,Team Cure Medicare,69,2023-05-24,447,26,Gastroenteritis,15
95,Dr. Marcus Will-Powlowski Jr.,25,City Procare Health Center,189,2023-11-29,811,43,Lupus,11
42,Dr. Carolyn Bartell MD,22,Team Cure Medicare,24,2023-02-26,24,24,Food poisoning,15
48,Dr. Lee Dicki,11,Community Choice Medicare,196,2023-12-17,381,7,Asbestosis,14
20,Dr. Darrell Hintz,20,Highland Grace Hospital,52,2023-04-20,256,39,Hypoglycaemia,13
45,Dr. Mitchell Friesen,22,Team Cure Medicare,89,2023-07-01,407,6,Arthritis,15
30,Dr. Megan Quitzon,23,Sacred Life Health Care,59,2023-05-06,974,39,Hypoglycaemia,11
5,Dr. Marion Grant III,5,Wellness Core Medicare,18,2023-02-13,18,18,Dysphagia,15
23,Dr. Marc Glover,23,Sacred Life Health Care,134,2023-09-11,360,50,Pneumonia,12
76,Dr. Jody Rolfson,4,Care Embrace Medical,151,2023-10-08,682,7,Asbestosis,12
17,Dr. Elijah Pollich,17,Top Health Medical,33,2023-03-13,33,33,HIV,15
54,Dr. Wallace Dicki,23,Sacred Life Health Care,107,2023-07-24,818,29,Hepatitis A,12
74,Dr. Amelia Wilderman,15,Medical 101 Center,147,2023-10-03,350,41,Iron deficiency anaemia,15
92,Dr. Kerry Mohr,16,Lifeline Medexpert Center,150,2023-10-08,467,31,Hepatitis C,14
84,Dr. Joann Satterfield,8,Community Care Medical,42,2023-03-30,42,42,Laryngitis,15
52,Dr. Hattie Kassulke,20,Highland Grace Hospital,64,2023-05-19,752,48,Osteoporosis,15
82,Dr. Beatrice Hackett,8,Community Care Medical,163,2023-10-29,239,24,Food poisoning,11
28,Dr. Jeanette Smith DDS,13,Island Intensive Hospital,55,2023-05-02,331,40,Inflammatory bowel disease (IBD),13